2	-2.846739	.
3	-3.268020	▁I
4	-3.339320	'
5	-3.634174	,
6	-3.699545	▁to
7	-3.836493	▁you
8	-3.857075	s
9	-4.068116	▁a
10	-4.093790	▁the
11	-4.139114	▁and
12	-4.247300	▁i
13	-4.340027	▁it
14	-4.538991	▁that
15	-4.651626	?
16	-4.655668	t
17	-4.661341	m
18	-4.689837	▁of
19	-4.848535	▁for
20	-4.895967	▁feel
21	-4.899871	!
22	-4.940803	▁in
23	-4.983387	▁my
24	-5.035375	▁me
25	-5.057629	▁like
26	-5.086349	▁is
27	-5.113614	▁just
28	-5.134465	▁have
29	-5.167702	▁be
30	-5.189895	▁so
31	-5.261562	re
32	-5.279277	▁can
33	-5.311729	▁do
34	-5.333463	▁with
35	-5.372922	▁about
36	-5.384786	▁know
37	-5.409726	▁really
38	-5.430461	▁was
39	-5.436397	▁on
40	-5.470538	▁not
41	-5.497761	▁It
42	-5.517159	▁this
43	-5.526333	▁
44	-5.536520	▁your
45	-5.542603	▁we
46	-5.548727	▁but
47	-5.589457	▁what
48	-5.635024	▁That
49	-5.703344	▁been
50	-5.710936	▁are
51	-5.721183	▁don
52	-5.734745	▁feeling
53	-5.749576	▁You
54	-5.815315	ve
55	-5.832986	▁out
56	-5.880887	ll
57	-5.894949	▁Yeah
58	-5.910379	▁all
59	-5.953261	▁think
60	-5.979318	▁want
61	-5.990581	▁up
62	-5.990644	▁get
63	-5.990781	▁if
64	-6.003573	▁at
65	-6.004675	▁good
66	-6.043021	▁time
67	-6.047698	▁But
68	-6.076547	▁going
69	-6.102143	▁am
70	-6.126285	▁how
71	-6.138987	▁too
72	-6.180532	▁great
73	-6.197511	▁there
74	-6.211018	▁more
75	-6.237279	▁would
76	-6.240228	▁What
77	-6.241301	▁love
78	-6.243264	▁or
79	-6.270714	▁some
80	-6.281608	▁Well
81	-6.293695	▁see
82	-6.294270	▁when
83	-6.299130	▁much
84	-6.299472	▁now
85	-6.315532	▁as
86	-6.317646	▁they
87	-6.334908	▁make
88	-6.336684	▁lot
89	-6.383699	▁help
90	-6.389521	▁need
91	-6.389651	▁something
92	-6.401410	▁go
93	-6.402486	▁here
94	-6.404825	▁always
95	-6.408686	▁from
96	-6.411948	▁one
97	-6.415254	▁work
98	-6.453134	▁We
99	-6.456170	▁sure
100	-6.459795	▁right
101	-6.473474	▁could
102	-6.534885	▁people
103	-6.548887	▁things
104	-6.577275	▁will
105	-6.615962	▁way
106	-6.631727	▁So
107	-6.633746	d
108	-6.687418	▁doing
109	-6.692266	▁Hey
110	-6.706660	▁because
111	-6.708295	▁them
112	-6.719325	▁an
113	-6.738310	▁sounds
114	-6.739224	▁no
115	-6.744761	▁Thanks
116	-6.746029	▁had
117	-6.757614	▁he
118	-6.779428	▁And
119	-6.789837	▁im
120	-6.798688	▁Just
121	-6.803957	ing
122	-6.805236	▁take
123	-6.822206	0
124	-6.826004	▁anything
125	-6.833909	▁very
126	-6.836412	▁then
127	-6.853508	▁did
128	-6.854177	▁by
129	-6.854782	▁day
130	-6.855180	▁No
131	-6.864427	▁any
132	-6.870890	▁new
133	-6.872334	▁life
134	-6.892154	▁being
135	-6.905029	▁little
136	-6.905564	▁our
137	-6.925346	▁sorry
138	-6.933629	▁[
139	-6.934537	▁who
140	-6.964905	▁were
141	-6.968460	]
142	-6.977990	▁glad
143	-6.979369	▁try
144	-6.981258	▁Do
145	-6.988122	▁better
146	-6.994553	ed
147	-6.996477	▁definitely
148	-6.997217	▁other
149	-7.008474	▁well
150	-7.015877	▁happy
151	-7.020335	▁Oh
152	-7.021163	▁still
153	-7.036820	NAME
154	-7.038256	▁Thank
155	-7.042715	▁back
156	-7.042875	▁even
157	-7.049899	▁myself
158	-7.054966	▁let
159	-7.062761	▁has
160	-7.072031	▁should
161	-7.075956	▁her
162	-7.080420	▁How
163	-7.084369	▁never
164	-7.097672	▁everything
165	-7.099443	’
166	-7.114757	▁talk
167	-7.130661	...
168	-7.138523	▁hard
169	-7.142038	▁pretty
170	-7.142391	▁today
171	-7.147140	1
172	-7.148359	▁got
173	-7.161126	▁she
174	-7.161175	▁My
175	-7.171446	▁The
176	-7.178113	▁wanted
177	-7.179950	▁didn
178	-7.180153	▁than
179	-7.195203	▁Yes
180	-7.200260	2
181	-7.201456	▁fun
182	-7.201933	▁over
183	-7.217282	▁say
184	-7.221006	▁him
185	-7.237658	▁find
186	-7.244899	▁look
187	-7.258258	▁again
188	-7.261241	▁into
189	-7.264307	-
190	-7.280420	▁mean
191	-7.281942	▁best
192	-7.285499	▁around
193	-7.307091	▁come
194	-7.318088	▁getting
195	-7.321057	▁why
196	-7.330094	▁okay
197	-7.332100	▁lately
198	-7.334846	▁Let
199	-7.338750	▁friends
200	-7.338808	▁job
201	-7.351793	y
202	-7.353092	▁start
203	-7.354383	▁also
204	-7.359850	▁bit
205	-7.361731	▁down
206	-7.374976	▁us
207	-7.381104	▁believe
208	-7.383457	▁keep
209	-7.397560	▁This
210	-7.406285	▁nice
211	-7.408179	▁thinking
212	-7.413990	▁makes
213	-7.421453	▁trying
214	-7.429035	▁their
215	-7.434680	▁through
216	-7.440365	▁looking
217	-7.442157	▁before
218	-7.445190	▁home
219	-7.446078	▁able
220	-7.454477	▁else
221	-7.457755	▁Hi
222	-7.460349	▁together
223	-7.467476	▁guess
224	-7.472000	▁someone
225	-7.483525	▁appreciate
226	-7.485690	▁only
227	-7.485705	▁tell
228	-7.485890	▁made
229	-7.490289	▁thought
230	-7.491102	▁kind
231	-7.505239	▁where
232	-7.511987	▁problem
233	-7.513191	▁thing
234	-7.514516	▁A
235	-7.517020	▁t
236	-7.525536	▁while
237	-7.532241	▁They
238	-7.541884	▁favorite
239	-7.545388	▁off
240	-7.546530	▁school
241	-7.552232	▁long
242	-7.552859	▁understand
243	-7.553564	▁few
244	-7.554366	▁might
245	-7.561080	▁first
246	-7.572720	▁amazing
247	-7.578583	▁give
248	-7.579333	▁though
249	-7.581222	▁maybe
250	-7.585567	▁sometimes
251	-7.595758	▁ever
252	-7.596321	▁after
253	-7.596399	▁own
254	-7.597497	▁course
255	-7.601906	▁enjoy
256	-7.609181	ly
257	-7.609545	▁place
258	-7.613054	▁Okay
259	-7.618764	▁There
260	-7.621317	▁actually
261	-7.633145	▁bad
262	-7.633439	▁his
263	-7.640993	▁working
264	-7.643337	▁done
265	-7.649195	er
266	-7.654917	▁those
267	-7.664460	▁world
268	-7.668427	▁big
269	-7.671866	▁said
270	-7.675909	▁hope
271	-7.684299	▁yourself
272	-7.687274	▁family
273	-7.687994	▁important
274	-7.688713	I
275	-7.691017	▁hear
276	-7.695961	▁care
277	-7.701637	u
278	-7.706664	▁most
279	-7.725320	▁enough
280	-7.726796	▁same
281	-7.737235	▁tough
282	-7.738564	▁different
283	-7.745551	▁such
284	-7.747088	▁Maybe
285	-7.749183	▁having
286	-7.758804	▁idea
287	-7.782096	▁these
288	-7.784035	▁making
289	-7.784327	▁doesn
290	-7.788161	n
291	-7.803481	▁"
292	-7.816328	▁money
293	-7.831278	▁nothing
294	-7.836619	▁next
295	-7.839253	▁many
296	-7.842961	▁every
297	-7.844368	▁play
298	-7.844911	▁last
299	-7.845603	e
300	-7.846359	▁Why
301	-7.846811	▁person
302	-7.847446	▁away
303	-7.850604	▁Of
304	-7.856765	▁everyone
305	-7.859618	▁feels
306	-7.862379	a
307	-7.864276	▁years
308	-7.873873	▁Not
309	-7.875696	▁talking
310	-7.876378	▁He
311	-7.877784	▁put
312	-7.878243	▁Wow
313	-7.889066	▁live
314	-7.893085	▁without
315	-7.899741	▁since
316	-7.902472	▁cool
317	-7.902764	▁mind
318	-7.938400	user
319	-7.939791	▁@
320	-7.940883	▁thank
321	-7.946700	▁does
322	-7.949881	3
323	-7.960961	▁happened
324	-7.969110	▁stay
325	-7.969302	▁end
326	-7.976459	▁true
327	-7.977420	c
328	-7.978160	▁started
329	-7.978375	▁remember
330	-7.985135	▁taking
331	-7.991944	▁car
332	-7.992373	r
333	-7.994722	▁wrong
334	-7.998448	▁hurt
335	-8.004638	▁If
336	-8.008125	▁s
337	-8.011164	▁which
338	-8.015192	▁use
339	-8.016750	▁two
340	-8.022088	▁coming
341	-8.028240	▁friend
342	-8.029155	▁yet
343	-8.029823	."
344	-8.035870	5
345	-8.042191	▁fine
346	-8.043959	▁night
347	-8.046149	▁wish
348	-8.048509	▁each
349	-8.054364	▁Can
350	-8.058722	▁read
351	-8.060122	▁Have
352	-8.063699	▁Are
353	-8.064438	▁man
354	-8.065914	▁m
355	-8.071938	▁old
356	-8.073395	▁year
357	-8.074231	▁show
358	-8.077214	▁happen
359	-8.081430	▁anyone
360	-8.088326	▁busy
361	-8.094502	▁finally
362	-8.098989	▁excited
363	-8.101249	▁part
364	-8.105450	▁used
365	-8.115108	▁sense
366	-8.115619	▁looks
367	-8.115783	in
368	-8.136550	▁Absolutely
369	-8.142401	▁thanks
370	-8.142606	th
371	-8.143719	▁must
372	-8.147502	▁music
373	-8.149472	▁food
374	-8.151918	▁seem
375	-8.157902	▁soon
376	-8.162706	▁went
377	-8.164056	▁far
378	-8.166251	▁change
379	-8.168564	▁week
380	-8.171452	▁won
381	-8.177291	▁may
382	-8.178648	▁house
383	-8.180306	▁matter
384	-8.186805	▁learn
385	-8.189320	▁Mom
386	-8.189355	▁ready
387	-8.195345	▁please
388	-8.196742	▁worry
389	-8.204409	▁already
390	-8.212331	▁both
391	-8.212681	▁stuff
392	-8.218662	▁means
393	-8.232236	▁kids
394	-8.235167	▁wait
395	-8.245106	▁game
396	-8.248681	▁days
397	-8.253838	▁beautiful
398	-8.256695	9
399	-8.257588	▁mom
400	-8.258651	▁She
401	-8.265306	▁saw
402	-8.270875	▁alone
403	-8.274230	▁eat
404	-8.276923	▁found
405	-8.278494	▁perfect
406	-8.281892	▁#
407	-8.283047	▁left
408	-8.288372	▁point
409	-8.297100	4
410	-8.298934	▁felt
411	-8.300049	▁tomorrow
412	-8.300307	:
413	-8.303315	▁deal
414	-8.305742	▁worth
415	-8.308865	▁anymore
416	-8.311690	▁ive
417	-8.317645	▁dont
418	-8.319238	▁seems
419	-8.319345	▁move
420	-8.320971	▁another
421	-8.322078	▁Plus
422	-8.329074	▁stop
423	-8.336274	▁meet
424	-8.348486	▁interesting
425	-8.351043	i
426	-8.358882	▁book
427	-8.366126	▁isn
428	-8.368813	▁Now
429	-8.379682	▁lost
430	-8.385452	▁leave
431	-8.385510	▁Me
432	-8.386889	▁head
433	-8.389652	▁once
434	-8.392666	▁Sarah
435	-8.393992	▁watch
436	-8.395385	▁quite
437	-8.399013	▁proud
438	-8.403359	▁starting
439	-8.409065	▁figure
440	-8.409407	es
441	-8.411416	▁ask
442	-8.412043	▁probably
443	-8.416183	▁seen
444	-8.418519	▁least
445	-8.419941	▁interested
446	-8.421427	▁came
447	-8.421579	▁haven
448	-8.424184	▁hate
449	-8.425055	al
450	-8.432484	▁-
451	-8.434973	▁imagine
452	-8.437041	▁experience
453	-8.440610	▁relax
454	-8.441471	▁Don
455	-8.443351	▁living
456	-8.444919	▁Good
457	-8.446345	▁welcome
458	-8.446843	▁playing
459	-8.458508	▁easy
460	-8.473354	▁tonight
461	-8.476063	▁enjoying
462	-8.476348	▁times
463	-8.478318	)
464	-8.478672	▁(
465	-8.478866	▁name
466	-8.481133	▁team
467	-8.484138	▁miss
468	-8.490790	▁parents
469	-8.498077	▁break
470	-8.508100	h
471	-8.515036	▁real
472	-8.518593	▁loved
473	-8.524185	▁Your
474	-8.534948	▁class
475	-8.550540	▁morning
476	-8.553713	▁tired
477	-8.554177	o
478	-8.556853	▁often
479	-8.560584	▁run
480	-8.564511	▁until
481	-8.570493	▁plan
482	-8.574114	▁chance
483	-8.580546	▁less
484	-8.581064	▁promise
485	-8.581882	▁Great
486	-8.584106	▁future
487	-8.591419	▁reading
488	-8.591532	\
489	-8.600632	▁support
490	-8.608106	▁others
491	-8.613996	▁free
492	-8.614684	▁dog
493	-8.615775	▁wasn
494	-8.616734	▁lol
495	-8.618647	▁tried
496	-8.620380	▁company
497	-8.620952	▁whole
498	-8.623976	▁either
499	-8.627528	▁close
500	-8.629891	an
501	-8.630532	l
502	-8.634364	6
503	-8.646537	▁call
504	-8.647417	▁college
505	-8.651628	or
506	-8.652674	▁spend
507	-8.655858	▁heard
508	-8.656174	▁special
509	-8.658281	▁angry
510	-8.664851	▁walk
511	-8.665740	▁feelings
512	-8.667585	▁room
513	-8.673112	▁forward
514	-8.673428	▁sweet
515	-8.673869	▁wondering
516	-8.678393	▁guy
517	-8.680086	▁whatever
518	-8.682005	▁worried
519	-8.682878	▁trouble
520	-8.683695	▁listen
521	-8.686152	▁city
522	-8.694699	▁moment
523	-8.696329	▁sad
524	-8.698443	le
525	-8.700400	▁pain
526	-8.700506	▁business
527	-8.701755	▁lucky
528	-8.704427	▁saying
529	-8.705467	▁possible
530	-8.707354	el
531	-8.708385	on
532	-8.708548	▁project
533	-8.708825	▁difference
534	-8.712483	▁couldn
535	-8.713917	"
536	-8.721892	▁watching
537	-8.727327	▁sound
538	-8.729173	▁pay
539	-8.735674	S
540	-8.738691	▁Because
541	-8.742301	▁heart
542	-8.742536	▁water
543	-8.745064	▁girl
544	-8.748095	▁check
545	-8.749998	▁safe
546	-8.750981	en
547	-8.756915	▁strong
548	-8.758712	▁careful
549	-8.758814	▁awesome
550	-8.759599	p
551	-8.763101	▁S
552	-8.765729	▁set
553	-8.768169	▁face
554	-8.770515	/
555	-8.771006	▁asking
556	-8.777681	▁hanging
557	-8.778476	▁rest
558	-8.781547	▁party
559	-8.781579	▁took
560	-8.782737	▁movie
561	-8.785320	▁scared
562	-8.792976	▁rather
563	-8.796925	▁told
564	-8.803548	▁focus
565	-8.804072	▁boss
566	-8.804994	ra
567	-8.810629	▁positive
568	-8.810703	▁comes
569	-8.813036	▁exactly
570	-8.816340	▁write
571	-8.818629	▁past
572	-8.820634	▁small
573	-8.821130	7
574	-8.823985	k
575	-8.826565	▁wouldn
576	-8.831961	▁seeing
577	-8.832720	▁Did
578	-8.834364	▁story
579	-8.837564	8
580	-8.839458	▁instead
581	-8.841840	▁guys
582	-8.842854	▁sleep
583	-8.845793	▁trust
584	-8.846992	▁become
585	-8.848858	▁didnt
586	-8.850585	▁high
587	-8.851261	▁reason
588	-8.852464	▁$
589	-8.854920	▁Exactly
590	-8.855254	▁Sure
591	-8.855494	▁In
592	-8.855643	▁months
593	-8.860038	▁control
594	-8.861282	▁situation
595	-8.861661	▁buy
596	-8.862871	▁ago
597	-8.865366	▁between
598	-8.865958	▁B
599	-8.868251	▁share
600	-8.868709	▁gone
601	-8.869935	▁afraid
602	-8.874460	ie
603	-8.875134	▁store
604	-8.877350	b
605	-8.880110	▁dad
606	-8.880194	▁Where
607	-8.883220	▁especially
608	-8.885445	▁post
609	-8.887159	▁open
610	-8.889213	▁needed
611	-8.891245	▁hair
612	-8.891540	▁hours
613	-8.891607	▁spending
614	-8.892345	ri
615	-8.894389	▁cold
616	-8.897776	▁completely
617	-8.899339	▁Alright
618	-8.901856	la
619	-8.902610	▁late
620	-8.903708	▁decided
621	-8.904776	▁knew
622	-8.904973	▁deserve
623	-8.907166	▁confident
624	-8.908484	▁agree
625	-8.913676	▁almost
626	-8.913717	▁running
627	-8.914031	▁books
628	-8.918579	▁writing
629	-8.918639	▁funny
630	-8.918711	▁fair
631	-8.919083	▁helping
632	-8.923504	▁games
633	-8.923703	▁Like
634	-8.926130	▁cant
635	-8.928533	▁outside
636	-8.931206	▁under
637	-8.931682	▁sick
638	-8.939469	▁mother
639	-8.941931	▁giving
640	-8.945612	▁Fine
641	-8.946404	na
642	-8.948660	▁fact
643	-8.948716	▁?
644	-8.952191	▁weeks
645	-8.954713	▁upset
646	-8.968462	▁alright
647	-8.968823	▁advice
648	-8.971547	▁later
649	-8.973629	▁sit
650	-8.974286	▁All
651	-8.974704	▁happens
652	-8.976333	▁relationship
653	-8.976851	▁Sometimes
654	-8.978188	▁decision
655	-8.978931	▁hit
656	-8.979182	▁body
657	-8.979739	▁C
658	-8.980040	▁inside
659	-8.980178	▁comfortable
660	-8.985772	▁hoping
661	-8.987062	▁un
662	-8.996837	g
663	-8.997230	▁supposed
664	-8.997650	▁usually
665	-8.997870	▁full
666	-8.999074	▁re
667	-9.003647	▁stand
668	-9.005530	▁lives
669	-9.007171	▁travel
670	-9.008688	▁luck
671	-9.008775	▁stupid
672	-9.013852	▁goes
673	-9.016156	▁forget
674	-9.018320	▁son
675	-9.019071	▁Then
676	-9.020530	ers
677	-9.023441	▁video
678	-9.024112	▁When
679	-9.025663	▁country
680	-9.026603	▁hot
681	-9.027216	▁trip
682	-9.032269	▁worked
683	-9.033636	▁win
684	-9.034381	D
685	-9.036482	▁terrible
686	-9.036883	▁looked
687	-9.037107	nd
688	-9.040332	A
689	-9.040468	▁difficult
690	-9.040672	▁yeah
691	-9.042331	▁nervous
692	-9.044541	▁side
693	-9.044663	▁K
694	-9.045074	▁baby
695	-9.045494	▁children
696	-9.045568	▁telling
697	-9.045924	▁color
698	-9.046833	▁catch
699	-9.047233	▁doctor
700	-9.047801	▁wonderful
701	-9.049755	▁visit
702	-9.050435	it
703	-9.050653	▁crazy
704	-9.054355	▁learning
705	-9.062116	▁along
706	-9.063410	▁mad
707	-9.065278	▁talked
708	-9.067063	▁god
709	-9.067654	▁hand
710	-9.068927	▁calm
711	-9.069368	▁turn
712	-9.069987	▁bed
713	-9.070518	▁weird
714	-9.074952	▁against
715	-9.078203	▁child
716	-9.078259	▁knowing
717	-9.078659	▁dream
718	-9.080150	▁Sounds
719	-9.082829	▁called
720	-9.086853	▁For
721	-9.094149	▁drive
722	-9.094521	▁behind
723	-9.094933	▁exciting
724	-9.096622	▁during
725	-9.098062	▁drink
726	-9.098328	▁E
727	-9.105002	ar
728	-9.105716	▁usual
729	-9.106217	▁town
730	-9.106374	T
731	-9.109662	▁phone
732	-9.113203	▁fit
733	-9.115145	▁cat
734	-9.115795	ne
735	-9.119134	;
736	-9.119607	▁test
737	-9.119976	▁top
738	-9.120774	▁successful
739	-9.124932	▁dogs
740	-9.125512	▁eating
741	-9.127419	f
742	-9.132074	ion
743	-9.133213	▁T
744	-9.137923	▁walking
745	-9.138069	w
746	-9.139187	▁http
747	-9.139908	▁sometime
748	-9.140928	▁healthy
749	-9.141239	▁case
750	-9.150170	▁understanding
751	-9.150336	▁smart
752	-9.153948	▁moving
753	-9.155641	▁second
754	-9.156501	ah
755	-9.162034	▁weekend
756	-9.162319	▁places
757	-9.162768	▁missed
758	-9.164661	▁longer
759	-9.165234	il
760	-9.165532	ness
761	-9.170436	▁yes
762	-9.171049	▁park
763	-9.172289	▁hang
764	-9.173542	▁self
765	-9.175401	▁wear
766	-9.175961	▁J
767	-9.179650	▁forever
768	-9.180159	▁using
769	-9.181438	▁worse
770	-9.183238	▁opportunity
771	-9.186625	▁honest
772	-9.186847	▁eventually
773	-9.187299	▁dinner
774	-9.188239	▁eyes
775	-9.188656	▁cute
776	-9.189312	▁clean
777	-9.193748	▁step
778	-9.197371	▁Really
779	-9.198211	▁listening
780	-9.198273	▁decide
781	-9.198815	▁Who
782	-9.202003	▁father
783	-9.202718	▁handle
784	-9.205552	▁Please
785	-9.206960	▁teacher
786	-9.207857	▁married
787	-9.210380	▁stressed
788	-9.210854	▁willing
789	-9.215553	▁pick
790	-9.216667	▁three
791	-9.217266	ia
792	-9.220211	▁words
793	-9.222867	▁noticed
794	-9.223675	▁husband
795	-9.224144	▁stuck
796	-9.226578	▁woman
797	-9.229801	▁overwhelmed
798	-9.230262	▁coffee
799	-9.231711	▁ok
800	-9.233098	▁incredible
801	-9.235135	us
802	-9.235559	▁Or
803	-9.235801	ce
804	-9.236355	▁lose
805	-9.237745	▁options
806	-9.237820	▁short
807	-9.243122	▁fast
808	-9.246877	▁fan
809	-9.248854	▁frustrated
810	-9.257216	▁!
811	-9.259297	▁Sorry
812	-9.261084	▁animals
813	-9.263345	▁kid
814	-9.264824	▁order
815	-9.266186	*
816	-9.267204	▁liked
817	-9.268951	▁Dad
818	-9.270428	▁type
819	-9.274158	▁mine
820	-9.274190	ro
821	-9.275208	v
822	-9.275316	to
823	-9.275444	▁fight
824	-9.277252	ation
825	-9.278368	ic
826	-9.278714	▁art
827	-9.278836	▁takes
828	-9.279051	▁ideas
829	-9.279639	▁Nice
830	-9.281238	▁meeting
831	-9.283770	▁young
832	-9.284240	▁wanting
833	-9.286430	▁offer
834	-9.286581	▁clothes
835	-9.287311	lo
836	-9.288692	▁*
837	-9.291011	▁question
838	-9.294457	able
839	-9.295396	▁career
840	-9.295946	▁finished
841	-9.297011	▁red
842	-9.299415	ity
843	-9.300148	▁struggling
844	-9.300836	ON
845	-9.301668	▁href
846	-9.301682	▁clear
847	-9.303833	▁anyway
848	-9.306989	C
849	-9.309554	▁grow
850	-9.311222	▁movies
851	-9.312259	▁fall
852	-9.322673	▁energy
853	-9.324227	▁attention
854	-9.324232	▁wife
855	-9.325945	▁happening
856	-9.327786	▁gonna
857	-9.330908	▁ahead
858	-9.332066	▁serious
859	-9.332485	▁month
860	-9.332559	▁yesterday
861	-9.332846	x
862	-9.335098	▁cook
863	-9.335215	▁passionate
864	-9.335794	P
865	-9.336602	B
866	-9.337767	▁problems
867	-9.338854	▁history
868	-9.339324	▁surprised
869	-9.339480	▁cut
870	-9.340232	▁keeping
871	-9.342651	▁Ha
872	-9.346398	▁extra
873	-9.346509	▁wonder
874	-9.346778	▁super
875	-9.347960	▁band
876	-9.349994	▁air
877	-9.350565	ton
878	-9.352635	▁boring
879	-9.353696	▁nature
880	-9.356325	▁finding
881	-9.357018	▁news
882	-9.357977	▁weather
883	-9.363359	▁Everything
884	-9.366166	▁recently
885	-9.366765	▁process
886	-9.367203	▁choice
887	-9.368219	▁blue
888	-9.369473	▁finish
889	-9.370523	▁waiting
890	-9.370943	▁online
891	-9.372789	▁sort
892	-9.378226	▁light
893	-9.379116	▁practice
894	-9.379968	▁totally
895	-9.380176	▁summer
896	-9.382261	▁realize
897	-9.382751	▁given
898	-9.383473	▁save
899	-9.383862	▁effort
900	-9.384808	▁season
901	-9.385958	▁space
902	-9.386247	▁questions
903	-9.389581	▁popular
904	-9.389872	▁improve
905	-9.390216	ry
906	-9.391911	ch
907	-9.392009	▁bring
908	-9.392202	▁weight
909	-9.392996	is
910	-9.393364	▁As
911	-9.393605	▁needs
912	-9.394573	▁grateful
913	-9.397359	▁delicious
914	-9.403566	▁speak
915	-9.405372	▁To
916	-9.405795	▁research
917	-9.406690	▁peaceful
918	-9.406724	▁cause
919	-9.406773	z
920	-9.406944	▁absolutely
921	-9.409000	▁sister
922	-9.409099	▁blog
923	-9.409381	▁towards
924	-9.411831	▁huge
925	-9.413037	▁fresh
926	-9.414034	▁sun
927	-9.414237	▁frustrating
928	-9.415040	▁hell
929	-9.415276	▁D
930	-9.416158	▁math
931	-9.423094	▁Hmm
932	-9.423491	▁shit
933	-9.424502	▁truly
934	-9.427452	▁early
935	-9.427461	▁helped
936	-9.427926	▁answer
937	-9.428019	li
938	-9.429209	▁line
939	-9.433146	▁black
940	-9.433206	▁F
941	-9.436855	▁G
942	-9.438098	▁c
943	-9.438398	▁date
944	-9.439866	▁putting
945	-9.441014	▁studying
946	-9.443600	▁couple
947	-9.444674	M
948	-9.444960	▁ride
949	-9.445044	▁list
950	-9.445591	▁eye
951	-9.447375	L
952	-9.449707	▁shouldn
953	-9.451724	▁Come
954	-9.453381	▁fix
955	-9.454778	▁ve
956	-9.455918	!!!
957	-9.456665	▁homework
958	-9.457677	▁jealous
959	-9.457780	▁Here
960	-9.459013	▁ways
961	-9.459159	▁touch
962	-9.459501	▁curious
963	-9.461026	ur
964	-9.462095	R
965	-9.462170	▁song
966	-9.466370	▁strange
967	-9.466650	▁fault
968	-9.469568	ya
969	-9.471752	▁front
970	-9.471826	est
971	-9.474957	▁...
972	-9.475777	▁disappointed
973	-9.477083	▁normal
974	-9.477760	▁learned
975	-9.478187	▁potential
976	-9.480946	▁friendly
977	-9.481359	▁shows
978	-9.483648	▁awful
979	-9.484751	▁position
980	-9.490883	▁health
981	-9.490992	▁somewhere
982	-9.491138	▁deep
983	-9.491627	▁minutes
984	-9.492797	▁hands
985	-9.492830	▁dress
986	-9.493314	▁women
987	-9.494560	▁taken
988	-9.498682	▁asked
989	-9.501800	▁explain
990	-9.502008	▁continue
991	-9.504001	O
992	-9.504425	▁anxious
993	-9.504425	▁explore
994	-9.505137	▁low
995	-9.506339	▁cannot
996	-9.506979	ter
997	-9.507603	▁Keep
998	-9.509161	▁d
999	-9.509765	▁beach
1000	-9.510029	▁lonely
1001	-9.510683	▁De
1002	-9.511197	▁stress
1003	-9.512786	▁meant
1004	-9.517002	▁hold
1005	-9.517461	▁helpful
1006	-9.518917	▁gets
1007	-9.519444	▁information
1008	-9.520144	▁&
1009	-9.522092	▁scary
1010	-9.523411	▁Ka
1011	-9.524755	▁rock
1012	-9.525763	▁caught
1013	-9.526398	▁driving
1014	-9.526546	E
1015	-9.528682	▁broke
1016	-9.529204	▁u
1017	-9.529928	▁certainly
1018	-9.530767	▁dance
1019	-9.530794	N
1020	-9.532126	▁community
1021	-9.534423	▁Lol
1022	-9.534683	▁choose
1023	-9.535544	▁single
1024	-9.536452	ma
1025	-9.537829	▁moved
1026	-9.538543	▁hiking
1027	-9.539274	▁dangerous
1028	-9.540467	▁honey
1029	-9.541103	▁Definitely
1030	-9.541741	▁P
1031	-9.543624	▁power
1032	-9.544168	▁word
1033	-9.544526	son
1034	-9.545951	▁realized
1035	-9.549909	▁brother
1036	-9.555353	▁classes
1037	-9.557995	▁Hello
1038	-9.558133	▁plans
1039	-9.559620	▁>
1040	-9.560416	▁age
1041	-9.560708	▁area
1042	-9.562039	▁de
1043	-9.563004	ty
1044	-9.563252	▁birthday
1045	-9.565225	▁creative
1046	-9.565225	▁plenty
1047	-9.565746	▁mostly
1048	-9.566878	▁mistake
1049	-9.567867	▁uncomfortable
1050	-9.567879	▁create
1051	-9.568458	▁John
1052	-9.568589	▁goal
1053	-9.568684	▁group
1054	-9.570432	▁state
1055	-9.571425	ul
1056	-9.573005	ling
1057	-9.575017	ine
1058	-9.575186	yn
1059	-9.576483	▁half
1060	-9.577922	▁anywhere
1061	-9.579311	▁sitting
1062	-9.579926	▁planning
1063	-9.580029	▁die
1064	-9.581586	▁social
1065	-9.581949	▁cats
1066	-9.583373	▁guilty
1067	-9.586335	▁R
1068	-9.586580	ir
1069	-9.587628	▁:)
1070	-9.588025	▁reach
1071	-9.588628	▁track
1072	-9.588970	▁however
1073	-9.590004	▁impressed
1074	-9.590703	▁determined
1075	-9.592615	▁goals
1076	-9.593552	am
1077	-9.594687	▁loving
1078	-9.598458	▁boy
1079	-9.598619	▁rich
1080	-9.600126	▁achieve
1081	-9.600364	▁skin
1082	-9.602434	et
1083	-9.602876	▁lunch
1084	-9.603135	▁office
1085	-9.604728	▁lovely
1086	-9.607700	▁road
1087	-9.614583	ha
1088	-9.616973	▁study
1089	-9.618083	▁Everyone
1090	-9.618683	▁minute
1091	-9.619513	▁cooking
1092	-9.620115	▁specific
1093	-9.622189	▁piece
1094	-9.622293	▁follow
1095	-9.627003	rd
1096	-9.627152	PERS
1097	-9.627442	▁number
1098	-9.627646	ate
1099	-9.627731	▁Ma
1100	-9.630047	▁hour
1101	-9.630294	ee
1102	-9.630381	▁quickly
1103	-9.632656	▁aren
1104	-9.632735	▁talented
1105	-9.632808	▁shopping
1106	-9.635622	ta
1107	-9.636759	▁mess
1108	-9.636971	ment
1109	-9.641088	▁content
1110	-9.643312	▁oh
1111	-9.646103	▁gave
1112	-9.646702	▁ice
1113	-9.647000	▁personal
1114	-9.649574	▁progress
1115	-9.650071	▁thoughts
1116	-9.650266	▁sweetie
1117	-9.652162	▁M
1118	-9.652347	▁Ra
1119	-9.653443	▁says
1120	-9.655709	▁Friday
1121	-9.660464	man
1122	-9.660774	▁cake
1123	-9.661831	▁truth
1124	-9.662152	▁attitude
1125	-9.662320	▁fucking
1126	-9.662416	ley
1127	-9.663506	▁mistakes
1128	-9.663801	▁turned
1129	-9.664760	▁skills
1130	-9.665941	▁laugh
1131	-9.666581	▁embarrassed
1132	-9.668959	▁helps
1133	-9.670910	▁ones
1134	-9.672519	▁fire
1135	-9.672889	▁Z
1136	-9.674589	▁Congratulations
1137	-9.675366	▁La
1138	-9.675544	▁dark
1139	-9.675631	▁New
1140	-9.677779	▁Would
1141	-9.678488	▁haha
1142	-9.679055	▁wow
1143	-9.679129	F
1144	-9.679204	▁alive
1145	-9.679712	▁seriously
1146	-9.679976	▁forgive
1147	-9.680382	▁O
1148	-9.680536	▁meaning
1149	-9.684204	▁easier
1150	-9.684948	▁pizza
1151	-9.685102	▁fighting
1152	-9.686243	▁opinion
1153	-9.686344	▁afford
1154	-9.687083	▁service
1155	-9.688266	▁woke
1156	-9.688664	▁level
1157	-9.689344	▁Haha
1158	-9.690699	▁played
1159	-9.691618	at
1160	-9.691621	▁success
1161	-9.693920	▁damn
1162	-9.694036	▁beat
1163	-9.694705	ian
1164	-9.694864	▁L
1165	-9.696440	▁peace
1166	-9.697673	▁horrible
1167	-9.699581	▁teach
1168	-9.701378	▁respect
1169	-9.704344	▁enjoyed
1170	-9.704481	▁Sunday
1171	-9.704498	ting
1172	-9.708098	▁shot
1173	-9.708590	▁issue
1174	-9.709799	▁stories
1175	-9.709799	▁system
1176	-9.710595	▁comment
1177	-9.711196	▁act
1178	-9.712276	▁feet
1179	-9.712468	▁fear
1180	-9.712871	▁exhausted
1181	-9.713343	▁add
1182	-9.713648	▁understandable
1183	-9.714488	▁constantly
1184	-9.714662	▁letting
1185	-9.715357	▁near
1186	-9.716884	▁expect
1187	-9.720120	▁died
1188	-9.721303	▁smile
1189	-9.721734	▁simple
1190	-9.722955	▁sub
1191	-9.723327	▁God
1192	-9.726090	de
1193	-9.728269	▁confused
1194	-9.728639	▁race
1195	-9.729289	▁pressure
1196	-9.729353	▁sports
1197	-9.730455	▁paying
1198	-9.732513	▁wearing
1199	-9.733882	▁boyfriend
1200	-9.735032	▁id
1201	-9.736242	▁fish
1202	-9.737634	▁leaving
1203	-9.737685	▁Cool
1204	-9.740094	ive
1205	-9.740772	▁hospital
1206	-9.743159	▁paid
1207	-9.743430	▁natural
1208	-9.745064	▁shop
1209	-9.746823	▁coach
1210	-9.747896	▁spent
1211	-9.748669	▁responsibility
1212	-9.749862	▁example
1213	-9.751204	me
1214	-9.751248	▁relaxed
1215	-9.752545	▁missing
1216	-9.752647	▁losing
1217	-9.754729	▁exercise
1218	-9.755233	▁Some
1219	-9.756116	up
1220	-9.756464	▁door
1221	-9.756922	▁raise
1222	-9.757068	▁gotten
1223	-9.757361	▁apart
1224	-9.758827	do
1225	-9.759038	▁common
1226	-9.759100	▁Na
1227	-9.760481	▁overall
1228	-9.762886	▁student
1229	-9.765651	▁Nothing
1230	-9.766266	▁local
1231	-9.770285	▁changes
1232	-9.770520	▁human
1233	-9.771341	▁bike
1234	-9.771621	G
1235	-9.771834	▁b
1236	-9.775951	▁join
1237	-9.775990	”
1238	-9.778838	▁painting
1239	-9.779146	ent
1240	-9.779602	▁girls
1241	-9.779638	▁Same
1242	-9.780258	▁sing
1243	-9.780929	▁“
1244	-9.781373	▁Aww
1245	-9.782863	▁accept
1246	-9.783149	▁hearing
1247	-9.783306	▁field
1248	-9.783542	▁mood
1249	-9.783854	▁law
1250	-9.784489	▁computer
1251	-9.785422	▁One
1252	-9.785543	as
1253	-9.785766	▁brings
1254	-9.787694	▁ran
1255	-9.789486	▁accident
1256	-9.790312	▁Love
1257	-9.790369	▁quick
1258	-9.790544	▁kinda
1259	-9.791590	▁death
1260	-9.793941	▁admit
1261	-9.795000	▁extremely
1262	-9.795426	▁Tell
1263	-9.796498	▁brave
1264	-9.796511	▁stick
1265	-9.797455	▁Saturday
1266	-9.798232	▁People
1267	-9.798389	da
1268	-9.799493	▁emotional
1269	-9.799917	▁considering
1270	-9.801401	▁picture
1271	-9.803786	▁Re
1272	-9.803984	▁voice
1273	-9.804918	▁depressed
1274	-9.805674	▁within
1275	-9.805788	▁dead
1276	-9.805867	ck
1277	-9.806557	▁style
1278	-9.807599	▁older
1279	-9.808268	▁At
1280	-9.808278	▁hobbies
1281	-9.809500	▁challenge
1282	-9.815036	▁Those
1283	-9.815880	▁bought
1284	-9.815880	▁earlier
1285	-9.816951	▁cream
1286	-9.820374	▁daughter
1287	-9.821028	▁slightly
1288	-9.821971	▁ground
1289	-9.823945	▁whenever
1290	-9.825249	▁whether
1291	-9.826115	▁dumb
1292	-9.826200	id
1293	-9.826962	▁vacation
1294	-9.827329	te
1295	-9.828034	▁view
1296	-9.830239	un
1297	-9.830509	▁shoes
1298	-9.831375	co
1299	-9.832007	▁due
1300	-9.832336	ge
1301	-9.832490	▁TV
1302	-9.833001	▁chicken
1303	-9.833844	▁church
1304	-9.836671	▁supportive
1305	-9.836853	amp
1306	-9.837765	▁currently
1307	-9.837901	▁thankful
1308	-9.839039	▁police
1309	-9.841654	▁p
1310	-9.842043	lin
1311	-9.843408	pe
1312	-9.843764	▁general
1313	-9.843828	▁warm
1314	-9.845305	▁pictures
1315	-9.846068	▁Even
1316	-9.846814	▁street
1317	-9.847145	ol
1318	-9.848367	▁four
1319	-9.848600	▁prefer
1320	-9.848618	▁men
1321	-9.850422	hi
1322	-9.850760	▁sell
1323	-9.851225	ni
1324	-9.852789	▁Ta
1325	-9.852946	▁wasnt
1326	-9.854018	▁becoming
1327	-9.854884	▁conversation
1328	-9.855376	▁works
1329	-9.856623	▁honestly
1330	-9.858866	▁pets
1331	-9.860250	▁students
1332	-9.861081	▁falling
1333	-9.861192	▁involved
1334	-9.862140	▁paper
1335	-9.863093	ted
1336	-9.863631	▁chocolate
1337	-9.863894	ist
1338	-9.864521	▁fantastic
1339	-9.865210	▁lie
1340	-9.865809	▁certain
1341	-9.867926	▁r
1342	-9.871362	▁present
1343	-9.871655	▁fuck
1344	-9.872639	▁productive
1345	-9.872670	▁harder
1346	-9.872977	▁somehow
1347	-9.874354	▁green
1348	-9.874771	he
1349	-9.876518	▁hurts
1350	-9.877507	▁five
1351	-9.877966	▁degree
1352	-9.878107	▁matters
1353	-9.878864	▁gorgeous
1354	-9.879096	▁kill
1355	-9.879586	▁garden
1356	-9.879644	Y
1357	-9.879778	▁Anything
1358	-9.880740	▁price
1359	-9.881232	▁Co
1360	-9.881884	▁shirt
1361	-9.882301	▁Ca
1362	-9.883435	▁wake
1363	-9.885065	no
1364	-9.885205	▁unhappy
1365	-9.887119	▁selfish
1366	-9.887442	▁particular
1367	-9.888038	▁passion
1368	-9.889759	▁anxiety
1369	-9.890835	and
1370	-9.891586	▁awkward
1371	-9.892081	▁particularly
1372	-9.892122	▁prepared
1373	-9.892288	▁faith
1374	-9.892396	lee
1375	-9.892502	be
1376	-9.892624	▁growing
1377	-9.893353	▁player
1378	-9.893417	%
1379	-9.893619	▁lead
1380	-9.894581	▁ball
1381	-9.897097	▁football
1382	-9.899815	▁caring
1383	-9.901224	▁ex
1384	-9.901482	mo
1385	-9.903026	▁acting
1386	-9.903053	▁current
1387	-9.903104	▁hopefully
1388	-9.905566	▁girlfriend
1389	-9.908164	▁Go
1390	-9.908515	▁decisions
1391	-9.909135	ad
1392	-9.910173	se
1393	-9.911989	▁relaxing
1394	-9.912258	▁Any
1395	-9.915019	▁pet
1396	-9.915427	▁Mar
1397	-9.915650	▁terrific
1398	-9.915652	▁middle
1399	-9.915915	▁co
1400	-9.916859	ous
1401	-9.917017	▁N
1402	-9.918579	▁pass
1403	-9.919401	▁someday
1404	-9.920326	▁bar
1405	-9.920730	▁character
1406	-9.921796	▁Ah
1407	-9.923293	▁six
1408	-9.923455	▁results
1409	-9.924265	▁o
1410	-9.926100	▁white
1411	-9.926625	▁issues
1412	-9.929522	▁perfectly
1413	-9.929953	ies
1414	-9.930858	▁accepted
1415	-9.932524	▁dreams
1416	-9.932656	▁purpose
1417	-9.932770	▁dirty
1418	-9.933609	▁easily
1419	-9.934564	▁themselves
1420	-9.936452	▁younger
1421	-9.936503	▁ill
1422	-9.937606	▁role
1423	-9.937990	lyn
1424	-9.938390	▁expensive
1425	-9.938500	▁spot
1426	-9.938694	ana
1427	-9.939348	▁valuable
1428	-9.939400	▁material
1429	-9.941735	▁public
1430	-9.943192	▁worst
1431	-9.943202	▁sharing
1432	-9.943825	K
1433	-9.944156	▁across
1434	-9.944198	▁changed
1435	-9.946091	▁doubt
1436	-9.948166	▁ended
1437	-9.950926	▁brought
1438	-9.951385	▁grade
1439	-9.952031	▁After
1440	-9.952384	▁quiet
1441	-9.952868	▁exploring
1442	-9.952868	▁incredibly
1443	-9.953095	▁helpless
1444	-9.953908	▁talent
1445	-9.954433	▁sex
1446	-9.956623	▁regret
1447	-9.957175	▁artist
1448	-9.958456	▁grades
1449	-9.959148	▁Da
1450	-9.959842	▁staying
1451	-9.961080	▁e
1452	-9.962639	▁Besides
1453	-9.962639	▁amount
1454	-9.963807	?"
1455	-9.964497	▁build
1456	-9.964778	▁blessed
1457	-9.964912	▁inspired
1458	-9.965623	▁hungry
1459	-9.966634	▁rude
1460	-9.967443	▁fell
1461	-9.969895	▁useful
1462	-9.971433	▁hopeless
1463	-9.972609	▁dude
1464	-9.973207	ish
1465	-9.974309	H
1466	-9.974386	▁amp
1467	-9.975395	▁Get
1468	-9.977494	▁seemed
1469	-9.977709	▁rewarding
1470	-9.979577	less
1471	-9.979736	▁born
1472	-9.979980	▁sucks
1473	-9.980058	W
1474	-9.980153	▁provide
1475	-9.980410	ke
1476	-9.981807	▁risk
1477	-9.982429	sh
1478	-9.982824	rs
1479	-9.982858	▁sign
1480	-9.983609	▁fake
1481	-9.984157	di
1482	-9.984476	▁First
1483	-9.984569	▁cost
1484	-9.985713	▁board
1485	-9.985824	▁chat
1486	-9.986483	▁Look
1487	-9.986485	▁journey
1488	-9.988603	▁annoyed
1489	-9.988938	▁Sha
1490	-9.989186	ci
1491	-9.989535	▁return
1492	-9.992577	▁Mr
1493	-9.993911	▁key
1494	-9.993994	▁per
1495	-9.994818	▁W
1496	-9.995541	▁treat
1497	-9.995986	▁shy
1498	-9.997691	▁apartment
1499	-10.000146	▁hi
1500	-10.001351	▁Be
1501	-10.004752	▁dancing
1502	-10.006351	▁following
1503	-10.006352	▁meantime
1504	-10.006737	▁tv
1505	-10.006948	▁meat
1506	-10.008258	▁arm
1507	-10.010875	▁See
1508	-10.011968	▁shape
1509	-10.012953	ber
1510	-10.013016	▁–
1511	-10.013020	▁forgot
1512	-10.015044	▁romantic
1513	-10.015046	▁bored
1514	-10.016001	▁U
1515	-10.016225	▁cars
1516	-10.016924	▁account
1517	-10.016961	▁notice
1518	-10.017116	▁straight
1519	-10.017121	▁government
1520	-10.017218	▁outdoors
1521	-10.017840	▁animal
1522	-10.018910	▁perspective
1523	-10.020184	mon
1524	-10.020770	▁suffering
1525	-10.022321	▁grab
1526	-10.024948	▁ma
1527	-10.025444	▁ourselves
1528	-10.027143	▁design
1529	-10.027199	▁gift
1530	-10.027537	▁happiness
1531	-10.027673	▁succeed
1532	-10.028187	▁bus
1533	-10.029152	▁final
1534	-10.029668	▁joke
1535	-10.029702	▁emotions
1536	-10.029750	ba
1537	-10.032789	▁miserable
1538	-10.032791	▁ashamed
1539	-10.032793	▁culture
1540	-10.032880	va
1541	-10.035955	▁ugly
1542	-10.036073	go
1543	-10.036217	▁breath
1544	-10.036702	▁f
1545	-10.038071	▁pleasure
1546	-10.038074	▁empty
1547	-10.038741	▁drinking
1548	-10.039353	▁table
1549	-10.039691	▁paint
1550	-10.042090	▁soul
1551	-10.044475	▁overwhelming
1552	-10.045015	▁entire
1553	-10.045897	age
1554	-10.046220	▁broken
1555	-10.046423	▁count
1556	-10.046544	▁consider
1557	-10.048714	▁responsible
1558	-10.051094	▁relieved
1559	-10.051460	tic
1560	-10.051929	▁several
1561	-10.052164	▁winter
1562	-10.052382	▁taste
1563	-10.055108	▁training
1564	-10.056108	ally
1565	-10.056400	ant
1566	-10.058219	▁war
1567	-10.058285	the
1568	-10.058371	ca
1569	-10.058627	line
1570	-10.059717	▁slow
1571	-10.060094	pa
1572	-10.061536	▁major
1573	-10.063381	▁restaurant
1574	-10.063897	▁pro
1575	-10.064258	▁blood
1576	-10.064930	▁Ke
1577	-10.065597	▁Ro
1578	-10.065668	▁May
1579	-10.067080	▁kept
1580	-10.067979	▁tall
1581	-10.068155	▁joy
1582	-10.069255	▁medication
1583	-10.069369	▁known
1584	-10.069963	▁poor
1585	-10.071007	▁brain
1586	-10.071774	▁cry
1587	-10.071933	ism
1588	-10.072537	▁insecure
1589	-10.072714	▁sir
1590	-10.072724	▁avoid
1591	-10.073633	▁excellent
1592	-10.074175	▁Day
1593	-10.075018	dy
1594	-10.075830	▁memories
1595	-10.078080	▁market
1596	-10.079123	▁marketing
1597	-10.079134	▁available
1598	-10.079249	▁moments
1599	-10.082449	▁innocent
1600	-10.084358	▁hated
1601	-10.085941	▁wont
1602	-10.086907	▁unique
1603	-10.090493	▁push
1604	-10.091343	▁terrified
1605	-10.092677	▁smell
1606	-10.094700	▁Awesome
1607	-10.094701	▁causing
1608	-10.094942	▁option
1609	-10.095395	▁rain
1610	-10.095801	▁drop
1611	-10.096942	▁challenging
1612	-10.096945	▁science
1613	-10.097058	▁Our
1614	-10.098217	▁card
1615	-10.099191	▁practicing
1616	-10.099191	▁satisfied
1617	-10.100897	U
1618	-10.101271	▁Jo
1619	-10.101677	▁everyday
1620	-10.102247	ating
1621	-10.103580	▁weren
1622	-10.105967	▁similar
1623	-10.107174	▁vegan
1624	-10.107795	▁professional
1625	-10.107825	anna
1626	-10.108294	per
1627	-10.109394	▁secret
1628	-10.111079	sha
1629	-10.112236	▁train
1630	-10.112975	▁Every
1631	-10.113836	▁action
1632	-10.114992	▁adventure
1633	-10.117378	▁gym
1634	-10.117643	▁mention
1635	-10.118142	▁diet
1636	-10.119007	▁Al
1637	-10.121019	▁pissed
1638	-10.121383	▁sat
1639	-10.121985	▁Trust
1640	-10.122108	▁media
1641	-10.123013	ron
1642	-10.123112	▁Otherwise
1643	-10.124243	▁loss
1644	-10.124815	▁actions
1645	-10.124942	▁Take
1646	-10.125256	▁schedule
1647	-10.125532	▁nobody
1648	-10.127095	▁teaching
1649	-10.127234	▁meal
1650	-10.127400	▁An
1651	-10.127629	▁hopeful
1652	-10.127741	▁swimming
1653	-10.128434	▁n
1654	-10.128900	▁Monday
1655	-10.130054	▁wedding
1656	-10.131178	▁customer
1657	-10.131211	▁guitar
1658	-10.132825	▁report
1659	-10.134730	▁beginning
1660	-10.135380	▁interest
1661	-10.135487	▁throw
1662	-10.135663	▁product
1663	-10.135900	▁Right
1664	-10.137045	▁Hopefully
1665	-10.139380	▁vulnerable
1666	-10.141071	▁Ok
1667	-10.142055	▁send
1668	-10.143494	▁evening
1669	-10.143794	za
1670	-10.144077	▁simply
1671	-10.144296	▁quit
1672	-10.144938	▁Will
1673	-10.147622	▁grew
1674	-10.152222	▁named
1675	-10.152958	▁Pa
1676	-10.153594	▁everywhere
1677	-10.153668	▁dating
1678	-10.153785	▁ha
1679	-10.154422	▁bother
1680	-10.154858	▁bitter
1681	-10.155199	▁reality
1682	-10.155253	▁la
1683	-10.155367	▁w
1684	-10.155714	ard
1685	-10.156362	▁ya
1686	-10.157050	▁Le
1687	-10.157121	▁York
1688	-10.157128	▁rough
1689	-10.157508	▁supporting
1690	-10.157626	▁fat
1691	-10.158646	ary
1692	-10.159523	▁Life
1693	-10.163092	▁beauty
1694	-10.163112	▁literally
1695	-10.166698	▁although
1696	-10.167248	▁hike
1697	-10.167624	▁bothered
1698	-10.167773	▁Mrs
1699	-10.167805	▁useless
1700	-10.168025	▁fashion
1701	-10.169542	ga
1702	-10.170316	▁kitchen
1703	-10.170354	▁Very
1704	-10.170485	j
1705	-10.170983	den
1706	-10.172799	▁discouraged
1707	-10.173948	▁soccer
1708	-10.174475	▁somewhat
1709	-10.175323	▁shitty
1710	-10.176401	▁capable
1711	-10.176581	▁except
1712	-10.177104	ster
1713	-10.178502	ka
1714	-10.178725	▁gentle
1715	-10.178797	▁spirit
1716	-10.180034	▁basketball
1717	-10.180126	▁:
1718	-10.180923	▁tend
1719	-10.180947	▁pull
1720	-10.181251	▁crying
1721	-10.183718	▁unsure
1722	-10.184887	▁passed
1723	-10.184924	▁stomach
1724	-10.186022	time
1725	-10.186177	▁farm
1726	-10.187385	▁precious
1727	-10.187524	▁boys
1728	-10.187566	▁calling
1729	-10.187865	▁k
1730	-10.188360	▁hadn
1731	-10.188539	▁speaking
1732	-10.188581	▁Ar
1733	-10.188638	▁floor
1734	-10.188732	▁couldnt
1735	-10.188795	▁distracted
1736	-10.189104	▁sleeping
1737	-10.189557	ng
1738	-10.189905	▁H
1739	-10.190449	▁rules
1740	-10.190500	▁complete
1741	-10.190662	▁manage
1742	-10.191073	▁intelligent
1743	-10.191263	▁customers
1744	-10.191992	▁doesnt
1745	-10.192904	▁size
1746	-10.194639	▁based
1747	-10.194853	▁begin
1748	-10.195950	▁suppose
1749	-10.197369	▁fly
1750	-10.197590	▁suddenly
1751	-10.198833	▁convinced
1752	-10.198871	▁shocked
1753	-10.199841	▁excuse
1754	-10.200916	▁messy
1755	-10.200994	▁library
1756	-10.201214	ac
1757	-10.201745	nt
1758	-10.202127	▁dull
1759	-10.202866	▁numb
1760	-10.204084	▁songs
1761	-10.204912	▁havent
1762	-10.206137	▁rejected
1763	-10.206153	▁friendship
1764	-10.206763	iya
1765	-10.207423	▁protect
1766	-10.207677	▁film
1767	-10.209701	▁focused
1768	-10.209999	▁Nope
1769	-10.212320	▁isolated
1770	-10.212329	▁With
1771	-10.212843	▁watched
1772	-10.213498	▁clearly
1773	-10.213549	▁performance
1774	-10.213633	▁x
1775	-10.214031	▁building
1776	-10.215565	▁ridiculous
1777	-10.215733	▁Sa
1778	-10.217306	ki
1779	-10.219735	lan
1780	-10.221196	▁lying
1781	-10.221307	land
1782	-10.223132	▁worthless
1783	-10.223556	ina
1784	-10.225204	▁lack
1785	-10.226232	▁further
1786	-10.226232	▁paranoid
1787	-10.228471	],
1788	-10.228790	▁eager
1789	-10.229754	▁value
1790	-10.230078	▁title
1791	-10.230906	▁saving
1792	-10.231727	▁path
1793	-10.232217	▁Mo
1794	-10.232823	▁properly
1795	-10.233424	▁lived
1796	-10.235225	▁internet
1797	-10.235676	▁singing
1798	-10.235877	▁colors
1799	-10.236244	▁environment
1800	-10.237181	▁non
1801	-10.237804	▁stopped
1802	-10.237874	▁wanna
1803	-10.238138	▁changing
1804	-10.238729	▁club
1805	-10.239085	▁swim
1806	-10.239106	▁killed
1807	-10.242788	▁etc
1808	-10.244065	▁education
1809	-10.244446	▁annoying
1810	-10.245484	▁reasons
1811	-10.246212	▁main
1812	-10.248202	▁pre
1813	-10.248340	▁www
1814	-10.249634	oo
1815	-10.250085	▁aware
1816	-10.250834	▁fucked
1817	-10.251350	▁Mi
1818	-10.252455	▁connect
1819	-10.253728	ak
1820	-10.254254	▁pleasant
1821	-10.254896	▁acceptable
1822	-10.254926	▁depends
1823	-10.254985	▁quality
1824	-10.256068	▁budget
1825	-10.256699	▁dis
1826	-10.257195	▁round
1827	-10.257443	▁products
1828	-10.258099	▁comments
1829	-10.258277	▁noise
1830	-10.258341	out
1831	-10.258988	▁express
1832	-10.260022	▁contact
1833	-10.260031	▁balance
1834	-10.260311	▁connection
1835	-10.260419	▁wind
1836	-10.260653	vo
1837	-10.261440	▁anger
1838	-10.262936	der
1839	-10.262972	▁Man
1840	-10.263996	▁despite
1841	-10.263996	▁hesitate
1842	-10.264285	▁large
1843	-10.266654	▁pathetic
1844	-10.266666	▁series
1845	-10.267460	▁con
1846	-10.269319	▁negative
1847	-10.269340	▁optimistic
1848	-10.269918	ran
1849	-10.271873	▁star
1850	-10.271991	▁breakfast
1851	-10.273556	▁offended
1852	-10.274523	▁match
1853	-10.275757	▁ten
1854	-10.275813	▁cover
1855	-10.275936	▁uncertain
1856	-10.276012	▁credit
1857	-10.277292	▁blank
1858	-10.277356	▁apologize
1859	-10.277356	▁grocery
1860	-10.277603	ated
1861	-10.277886	▁fishing
1862	-10.277915	vi
1863	-10.278505	▁considered
1864	-10.280062	▁vote
1865	-10.280117	▁bunch
1866	-10.280557	▁/
1867	-10.280618	▁tender
1868	-10.280763	▁page
1869	-10.281217	▁model
1870	-10.281588	▁tea
1871	-10.284170	▁snow
1872	-10.285072	▁bank
1873	-10.285900	▁characters
1874	-10.287006	ay
1875	-10.288099	The
1876	-10.288179	▁swear
1877	-10.289536	▁energetic
1878	-10.289537	▁confidence
1879	-10.290490	▁truck
1880	-10.290897	▁generous
1881	-10.292795	▁Am
1882	-10.294443	▁St
1883	-10.294996	▁fascinating
1884	-10.295069	▁irritated
1885	-10.295224	▁Y
1886	-10.296471	▁amazed
1887	-10.297882	▁foot
1888	-10.299046	▁th
1889	-10.299176	▁ability
1890	-10.299437	▁rid
1891	-10.299520	ful
1892	-10.299562	▁closer
1893	-10.299730	▁photos
1894	-10.300354	▁Does
1895	-10.300607	ance
1896	-10.301378	▁scene
1897	-10.302871	▁concert
1898	-10.302871	▁language
1899	-10.302907	▁ignored
1900	-10.305756	▁pleased
1901	-10.306293	▁respected
1902	-10.307168	▁tree
1903	-10.308716	▁These
1904	-10.308744	▁jobs
1905	-10.308780	▁violent
1906	-10.308811	▁valued
1907	-10.309974	▁window
1908	-10.310606	▁strength
1909	-10.310669	▁restless
1910	-10.310998	gan
1911	-10.311986	▁concern
1912	-10.314313	▁lame
1913	-10.314543	▁comfort
1914	-10.314618	▁mouth
1915	-10.315743	▁album
1916	-10.316239	▁Cha
1917	-10.317155	▁impressive
1918	-10.318173	▁holding
1919	-10.318634	▁OK
1920	-10.318768	▁partner
1921	-10.319696	▁candy
1922	-10.319947	▁nurse
1923	-10.320286	▁workout
1924	-10.320305	▁shaken
1925	-10.320873	▁loud
1926	-10.322742	ey
1927	-10.322763	▁shower
1928	-10.323927	▁dealing
1929	-10.324017	ding
1930	-10.324252	▁specifically
1931	-10.324614	▁experiences
1932	-10.324736	▁cleaning
1933	-10.326937	▁El
1934	-10.326987	▁awhile
1935	-10.328227	▁Europe
1936	-10.328583	▁unless
1937	-10.328842	▁physically
1938	-10.329210	if
1939	-10.329819	▁impatient
1940	-10.330338	▁honored
1941	-10.333854	op
1942	-10.334080	▁hesitant
1943	-10.335505	▁worthwhile
1944	-10.337379	▁figured
1945	-10.338185	▁choices
1946	-10.338360	▁irritable
1947	-10.338362	▁cheese
1948	-10.338418	▁Anytime
1949	-10.339806	▁yoga
1950	-10.340123	▁text
1951	-10.341142	▁event
1952	-10.341223	▁biggest
1953	-10.341335	▁began
1954	-10.342443	▁carry
1955	-10.342658	▁target
1956	-10.343076	▁bigger
1957	-10.343339	cu
1958	-10.343486	ja
1959	-10.343913	▁g
1960	-10.346800	▁likely
1961	-10.346974	▁wrote
1962	-10.347013	▁cancer
1963	-10.349248	▁mix
1964	-10.349285	im
1965	-10.349367	▁fail
1966	-10.350033	▁Happy
1967	-10.350493	▁patient
1968	-10.350683	▁prove
1969	-10.351434	▁disgusted
1970	-10.351664	▁Lo
1971	-10.352541	▁fans
1972	-10.354318	▁winning
1973	-10.354549	▁flowers
1974	-10.354949	▁events
1975	-10.355711	▁above
1976	-10.355811	▁punished
1977	-10.356157	▁buying
1978	-10.356719	▁employees
1979	-10.357715	▁draw
1980	-10.358070	▁jump
1981	-10.358577	▁clever
1982	-10.360992	▁writer
1983	-10.361210	▁bills
1984	-10.361278	▁sincere
1985	-10.361351	▁standing
1986	-10.362352	▁ruined
1987	-10.362973	▁crappy
1988	-10.363014	▁pair
1989	-10.363116	▁surprise
1990	-10.363349	ud
1991	-10.363710	lynn
1992	-10.364420	ru
1993	-10.364431	▁neighborhood
1994	-10.364914	▁caused
1995	-10.365905	▁homesick
1996	-10.366094	▁thrilled
1997	-10.367544	▁na
1998	-10.368155	▁Nah
1999	-10.369337	▁longing
2000	-10.370390	▁babe
2001	-10.371728	ow
2002	-10.372253	fi
2003	-10.372259	▁total
2004	-10.373479	▁powerful
2005	-10.374114	▁rushed
2006	-10.374784	▁foolish
2007	-10.377286	les
2008	-10.377863	▁players
2009	-10.379418	▁pieces
2010	-10.379889	▁slowly
2011	-10.380701	▁grumpy
2012	-10.380898	▁blame
2013	-10.380907	▁defeated
2014	-10.382194	▁evidence
2015	-10.382223	▁Also
2016	-10.383728	▁million
2017	-10.384601	▁stronger
2018	-10.384639	▁boat
2019	-10.386728	▁subject
2020	-10.387383	▁bro
2021	-10.388198	▁daily
2022	-10.388768	▁correct
2023	-10.389188	lt
2024	-10.389520	▁Jay
2025	-10.389695	▁article
2026	-10.389854	▁belong
2027	-10.390525	po
2028	-10.390777	▁leg
2029	-10.391294	▁treatment
2030	-10.391392	▁damage
2031	-10.391493	▁obviously
2032	-10.391960	▁st
2033	-10.394115	ab
2034	-10.395728	▁fabulous
2035	-10.395742	▁Things
2036	-10.395820	▁dear
2037	-10.395820	▁waste
2038	-10.395926	▁program
2039	-10.397326	▁personally
2040	-10.397501	▁bag
2041	-10.398761	▁Actually
2042	-10.398761	▁casual
2043	-10.398765	▁resentful
2044	-10.398794	▁basically
2045	-10.399040	▁shame
2046	-10.399128	▁joyful
2047	-10.400077	tion
2048	-10.401378	▁consequences
2049	-10.402159	▁message
2050	-10.402190	▁stage
2051	-10.403176	▁treated
2052	-10.403348	▁Something
2053	-10.403563	▁badly
2054	-10.403612	▁sky
2055	-10.403892	▁bright
2056	-10.404058	ten
2057	-10.404099	▁beer
2058	-10.404857	▁interview
2059	-10.404860	▁hobby
2060	-10.404864	▁lawyer
2061	-10.405166	▁topic
2062	-10.405407	▁rent
2063	-10.406957	▁en
2064	-10.407594	▁drunk
2065	-10.407914	▁opportunities
2066	-10.409091	ai
2067	-10.409448	▁necessary
2068	-10.410030	▁organized
2069	-10.410742	▁types
2070	-10.412631	q
2071	-10.412653	▁aching
2072	-10.416297	▁pop
2073	-10.416366	len
2074	-10.417748	bi
2075	-10.418453	▁vegetables
2076	-10.418700	▁advantage
2077	-10.418700	▁lethargic
2078	-10.419317	one
2079	-10.419890	ver
2080	-10.420290	▁Honestly
2081	-10.421317	▁pressured
2082	-10.421803	▁reluctant
2083	-10.421909	ho
2084	-10.423067	han
2085	-10.423358	▁dedication
2086	-10.424813	▁needy
2087	-10.424916	▁beyond
2088	-10.426105	▁heat
2089	-10.426620	▁Once
2090	-10.427157	▁link
2091	-10.427246	▁ruin
2092	-10.428896	▁eggs
2093	-10.428914	▁direction
2094	-10.429604	▁third
2095	-10.429608	▁impact
2096	-10.429771	▁vain
2097	-10.429940	▁beaten
2098	-10.430212	▁Ga
2099	-10.430387	▁doctors
2100	-10.431264	▁drained
2101	-10.432741	▁inadequate
2102	-10.432741	▁ocean
2103	-10.433006	▁knowledge
2104	-10.433320	▁abused
2105	-10.433443	ex
2106	-10.435542	ite
2107	-10.435888	▁apprehensive
2108	-10.435888	▁marriage
2109	-10.435934	▁Alex
2110	-10.436694	▁Was
2111	-10.437280	▁force
2112	-10.437589	▁crap
2113	-10.437712	▁insulted
2114	-10.437744	▁privileged
2115	-10.438829	▁gun
2116	-10.439045	▁adventurous
2117	-10.439071	▁humiliated
2118	-10.439180	▁himself
2119	-10.440627	▁nostalgic
2120	-10.440638	▁divine
2121	-10.440707	▁threatened
2122	-10.440713	▁doomed
2123	-10.441718	▁regular
2124	-10.441719	▁physical
2125	-10.441812	ani
2126	-10.442245	▁outfit
2127	-10.442278	▁disturbed
2128	-10.442650	▁wall
2129	-10.443272	▁recommend
2130	-10.443593	▁damaged
2131	-10.443799	▁behavior
2132	-10.443802	▁vital
2133	-10.443838	▁greedy
2134	-10.443951	▁dishes
2135	-10.444107	▁allow
2136	-10.444199	▁unfortunately
2137	-10.444296	▁walks
2138	-10.444792	iah
2139	-10.445990	ping
2140	-10.446569	▁gives
2141	-10.448183	bo
2142	-10.448576	▁lousy
2143	-10.448860	▁include
2144	-10.448885	▁isnt
2145	-10.449680	▁financial
2146	-10.450457	▁cup
2147	-10.450636	ot
2148	-10.450678	▁tho
2149	-10.451364	▁approach
2150	-10.451724	▁grown
2151	-10.451763	▁bothering
2152	-10.451818	▁smug
2153	-10.452063	▁Damn
2154	-10.453329	▁siblings
2155	-10.453426	▁intimidated
2156	-10.453471	▁Thursday
2157	-10.453746	ger
2158	-10.454983	▁asleep
2159	-10.455500	▁showing
2160	-10.456219	▁rush
2161	-10.456800	▁assured
2162	-10.457140	▁accomplished
2163	-10.457516	▁allowed
2164	-10.458200	▁industry
2165	-10.458260	▁medical
2166	-10.459812	▁activities
2167	-10.461421	▁weak
2168	-10.461428	▁groggy
2169	-10.461436	▁rotten
2170	-10.461729	▁resolved
2171	-10.462227	▁laughing
2172	-10.462237	▁Aw
2173	-10.463046	▁cranky
2174	-10.463046	▁deprived
2175	-10.463464	▁motivated
2176	-10.463585	▁bitchy
2177	-10.463845	V
2178	-10.464679	▁shaky
2179	-10.464971	▁expected
2180	-10.465309	▁walked
2181	-10.466312	way
2182	-10.466969	▁relationships
2183	-10.467916	▁society
2184	-10.468834	ig
2185	-10.469545	▁devastated
2186	-10.471100	▁loyal
2187	-10.471265	▁stressful
2188	-10.471638	▁selling
2189	-10.471906	ren
2190	-10.471985	▁y
2191	-10.472825	▁couch
2192	-10.473585	▁gotta
2193	-10.473791	▁letter
2194	-10.474377	▁points
2195	-10.474822	bb
2196	-10.476089	▁piano
2197	-10.476220	▁petty
2198	-10.476740	▁situations
2199	-10.478154	▁v
2200	-10.478624	▁itself
2201	-10.479071	▁charge
2202	-10.479186	▁hasn
2203	-10.479356	▁projects
2204	-10.479373	▁agitated
2205	-10.479373	▁dissatisfied
2206	-10.479936	ning
2207	-10.480305	▁generally
2208	-10.480420	▁wronged
2209	-10.480626	▁bill
2210	-10.480688	▁breaking
2211	-10.480703	▁breathe
2212	-10.482207	ier
2213	-10.482705	ized
2214	-10.482731	▁land
2215	-10.483294	▁V
2216	-10.483317	▁trusting
2217	-10.484324	▁heartbroken
2218	-10.484501	ring
2219	-10.485753	io
2220	-10.485884	▁sooner
2221	-10.486141	▁otherwise
2222	-10.486203	▁On
2223	-10.486607	▁arms
2224	-10.487726	▁interests
2225	-10.487775	▁welcomed
2226	-10.488533	▁besides
2227	-10.488791	▁connected
2228	-10.489299	▁pregnant
2229	-10.489299	▁superior
2230	-10.489360	▁lady
2231	-10.489563	▁somebody
2232	-10.493966	▁troubled
2233	-10.494299	▁Which
2234	-10.494953	▁brothers
2235	-10.495110	▁worrying
2236	-10.495127	▁burdened
2237	-10.495501	ize
2238	-10.495644	▁deeply
2239	-10.495912	▁bringing
2240	-10.496563	vin
2241	-10.496573	ff
2242	-10.497347	▁idiot
2243	-10.498991	▁wouldnt
2244	-10.499133	▁traveling
2245	-10.500998	▁legs
2246	-10.501019	▁crime
2247	-10.502224	▁posted
2248	-10.502358	▁riding
2249	-10.502667	rn
2250	-10.502688	▁melancholy
2251	-10.502832	▁earth
2252	-10.503058	▁admire
2253	-10.503535	▁Whatever
2254	-10.504203	▁stock
2255	-10.504365	ging
2256	-10.504686	▁judge
2257	-10.504970	▁Work
2258	-10.506174	▁sentimental
2259	-10.507371	her
2260	-10.507755	▁festive
2261	-10.508153	▁classic
2262	-10.509451	▁naughty
2263	-10.509498	▁Sh
2264	-10.510745	my
2265	-10.512080	▁Try
2266	-10.512469	▁seat
2267	-10.512867	▁email
2268	-10.514191	▁active
2269	-10.514648	▁milk
2270	-10.514989	▁wine
2271	-10.515559	▁latest
2272	-10.516260	▁gross
2273	-10.516260	▁heavy
2274	-10.516261	▁escape
2275	-10.516280	▁mellow
2276	-10.516397	▁chest
2277	-10.516960	▁Se
2278	-10.517974	▁borrow
2279	-10.517996	▁ring
2280	-10.519169	▁result
2281	-10.519702	▁famous
2282	-10.520089	▁Mine
2283	-10.520646	▁sales
2284	-10.521590	▁fill
2285	-10.522447	▁emotionally
2286	-10.522659	▁Make
2287	-10.523114	▁afternoon
2288	-10.523507	os
2289	-10.524229	▁box
2290	-10.524777	ea
2291	-10.524870	▁gloomy
2292	-10.524901	▁immediately
2293	-10.526174	▁Di
2294	-10.526528	▁brown
2295	-10.526561	▁Pretty
2296	-10.527194	▁volunteer
2297	-10.528304	▁lazy
2298	-10.528428	▁numbers
2299	-10.530020	▁court
2300	-10.530733	▁X
2301	-10.531701	lie
2302	-10.531747	gg
2303	-10.531857	▁carefree
2304	-10.533512	▁:(
2305	-10.533645	▁edge
2306	-10.534157	▁saved
2307	-10.534452	▁Vi
2308	-10.534677	▁driver
2309	-10.535015	▁flying
2310	-10.535225	▁Welcome
2311	-10.535225	▁sympathetic
2312	-10.535295	▁reassured
2313	-10.538971	▁corner
2314	-10.539371	▁mo
2315	-10.539398	pm
2316	-10.540456	▁cultures
2317	-10.541131	▁condition
2318	-10.542212	▁Probably
2319	-10.542507	ara
2320	-10.542776	▁nose
2321	-10.543036	▁tight
2322	-10.543149	by
2323	-10.543379	▁dry
2324	-10.543400	que
2325	-10.543477	▁camera
2326	-10.543966	▁envious
2327	-10.544435	▁complain
2328	-10.545617	▁shake
2329	-10.545724	▁unimportant
2330	-10.545985	▁nowhere
2331	-10.546225	▁THE
2332	-10.546576	▁America
2333	-10.546825	▁keeps
2334	-10.549248	▁invigorated
2335	-10.551015	▁suspicious
2336	-10.551166	▁Ya
2337	-10.551702	rk
2338	-10.551788	leigh
2339	-10.552785	▁purchase
2340	-10.552789	▁shift
2341	-10.552931	▁pe
2342	-10.553772	ise
2343	-10.554558	▁response
2344	-10.554733	▁huh
2345	-10.555570	▁Je
2346	-10.558147	▁onto
2347	-10.561682	▁promotion
2348	-10.561682	▁ungrateful
2349	-10.562486	▁hole
2350	-10.562509	▁entirely
2351	-10.563471	▁frightened
2352	-10.563471	▁routine
2353	-10.563472	▁christmas
2354	-10.563498	▁bread
2355	-10.563560	▁brand
2356	-10.564585	▁spare
2357	-10.564889	ence
2358	-10.565899	lu
2359	-10.566315	ble
2360	-10.566412	▁areas
2361	-10.566562	▁unfair
2362	-10.567686	▁picking
2363	-10.568268	▁pink
2364	-10.570082	▁mental
2365	-10.570668	▁valid
2366	-10.570980	▁Ty
2367	-10.571417	▁expecting
2368	-10.572351	▁soft
2369	-10.572463	▁unwelcome
2370	-10.572585	▁parts
2371	-10.573235	ub
2372	-10.573241	ner
2373	-10.573766	rie
2374	-10.573957	▁posts
2375	-10.574281	▁surgery
2376	-10.576084	▁became
2377	-10.576551	▁posting
2378	-10.577714	▁tips
2379	-10.577909	▁photo
2380	-10.577975	▁horny
2381	-10.578530	▁parties
2382	-10.578861	▁graduated
2383	-10.578912	▁sale
2384	-10.579347	▁sent
2385	-10.579508	ari
2386	-10.579717	▁discontent
2387	-10.579717	▁familiar
2388	-10.579823	▁barely
2389	-10.580725	▁hug
2390	-10.581129	▁hide
2391	-10.581542	▁debt
2392	-10.581925	▁kinds
2393	-10.582285	led
2394	-10.583158	ze
2395	-10.583364	▁Glad
2396	-10.584259	▁gosh
2397	-10.585191	▁Smith
2398	-10.586098	▁trade
2399	-10.587023	▁Especially
2400	-10.587023	▁delicate
2401	-10.587360	▁Got
2402	-10.587447	▁details
2403	-10.588031	▁adult
2404	-10.588777	▁di
2405	-10.588943	fe
2406	-10.589792	▁burden
2407	-10.590027	▁Joe
2408	-10.590844	▁trash
2409	-10.591666	▁fully
2410	-10.591744	▁ticket
2411	-10.591832	ag
2412	-10.592496	▁pushing
2413	-10.592545	▁sugar
2414	-10.592662	▁Being
2415	-10.592666	▁planned
2416	-10.594382	▁possibly
2417	-10.594382	▁worries
2418	-10.594391	▁afterwards
2419	-10.594700	▁suit
2420	-10.595783	▁sport
2421	-10.596295	▁app
2422	-10.597119	▁Ne
2423	-10.597370	▁period
2424	-10.597715	▁paintings
2425	-10.598224	▁surrounded
2426	-10.599937	▁English
2427	-10.599937	▁admirable
2428	-10.599938	▁universe
2429	-10.600338	▁""
2430	-10.602032	▁checked
2431	-10.603009	▁Ko
2432	-10.603652	▁Te
2433	-10.603697	▁fond
2434	-10.605031	▁sudden
2435	-10.605525	▁intense
2436	-10.605760	em
2437	-10.607589	▁pool
2438	-10.607678	▁gas
2439	-10.608439	▁affect
2440	-10.608677	▁attack
2441	-10.608906	bu
2442	-10.609266	▁stubborn
2443	-10.610024	▁Fa
2444	-10.610154	▁cheating
2445	-10.611142	▁disheartened
2446	-10.611143	▁jaded
2447	-10.611300	▁remind
2448	-10.611313	▁steps
2449	-10.611606	▁setting
2450	-10.612546	rr
2451	-10.613206	▁struggle
2452	-10.613601	▁Ken
2453	-10.616036	▁divorced
2454	-10.616925	▁regretful
2455	-10.617502	▁solve
2456	-10.618347	ep
2457	-10.620576	▁ecstatic
2458	-10.620584	▁address
2459	-10.621703	▁opening
2460	-10.622477	▁failure
2461	-10.622849	▁pray
2462	-10.623506	▁owe
2463	-10.623549	of
2464	-10.624292	day
2465	-10.624380	▁twice
2466	-10.624469	▁plus
2467	-10.625157	▁held
2468	-10.626259	▁task
2469	-10.627670	▁Ba
2470	-10.628000	▁appreciated
2471	-10.629221	▁bitch
2472	-10.629748	con
2473	-10.630043	▁planet
2474	-10.630068	▁website
2475	-10.630102	▁shelter
2476	-10.630522	▁wild
2477	-10.631637	▁Car
2478	-10.633935	▁competition
2479	-10.634289	▁fearful
2480	-10.634995	▁miles
2481	-10.635075	▁em
2482	-10.635086	▁painful
2483	-10.635859	▁faster
2484	-10.635997	▁blast
2485	-10.637753	▁created
2486	-10.637785	▁taught
2487	-10.637996	▁symptoms
2488	-10.638463	br
2489	-10.639258	▁headed
2490	-10.640306	▁turns
2491	-10.640480	nce
2492	-10.640606	▁camping
2493	-10.641175	zi
2494	-10.641650	▁independent
2495	-10.642055	nk
2496	-10.644828	▁differently
2497	-10.645530	▁rebellious
2498	-10.646946	▁record
2499	-10.647020	▁gut
2500	-10.647190	▁anytime
2501	-10.647508	▁Hope
2502	-10.647563	▁honoured
2503	-10.647593	▁cash
2504	-10.648337	▁written
2505	-10.648341	▁steal
2506	-10.649323	▁burn
2507	-10.649348	▁picked
2508	-10.649447	▁flight
2509	-10.650123	▁alot
2510	-10.650145	▁bear
2511	-10.650863	▁foods
2512	-10.651378	▁neither
2513	-10.651773	▁basic
2514	-10.652133	▁terms
2515	-10.654807	▁unfortunate
2516	-10.655051	ial
2517	-10.655300	▁freedom
2518	-10.655807	▁argument
2519	-10.656796	▁leader
2520	-10.657338	▁celebrate
2521	-10.659998	▁loose
2522	-10.660112	▁throughout
2523	-10.661180	▁enjoyable
2524	-10.661201	▁religion
2525	-10.661275	▁cross
2526	-10.661574	▁mu
2527	-10.662070	▁tickets
2528	-10.662229	ip
2529	-10.662424	▁Her
2530	-10.662858	▁da
2531	-10.663842	▁offering
2532	-10.664855	ged
2533	-10.665157	▁insurance
2534	-10.665181	▁buddy
2535	-10.667141	▁smoking
2536	-10.667156	▁parent
2537	-10.667199	▁Never
2538	-10.667912	▁episode
2539	-10.668046	▁search
2540	-10.669129	▁campaign
2541	-10.669129	▁depression
2542	-10.669129	▁perhaps
2543	-10.669409	ps
2544	-10.672997	kin
2545	-10.673659	▁ending
2546	-10.673963	ice
2547	-10.674185	ris
2548	-10.674354	▁owner
2549	-10.674673	▁horse
2550	-10.675246	▁managed
2551	-10.675402	▁reaction
2552	-10.675553	▁trees
2553	-10.676703	▁plants
2554	-10.679134	▁smoke
2555	-10.679390	▁screen
2556	-10.679434	▁artistic
2557	-10.680184	▁fruit
2558	-10.681142	▁tragic
2559	-10.681143	▁silly
2560	-10.681901	▁relate
2561	-10.682244	▁holiday
2562	-10.683864	▁ends
2563	-10.684171	▁tears
2564	-10.684231	▁upon
2565	-10.684763	▁catching
2566	-10.685121	▁shut
2567	-10.685205	▁jerk
2568	-10.685952	▁leaves
2569	-10.688135	▁brainstorm
2570	-10.688658	▁starts
2571	-10.689945	▁describe
2572	-10.690075	▁Jam
2573	-10.690642	▁weekends
2574	-10.690667	▁exam
2575	-10.690722	▁term
2576	-10.691263	▁lifestyle
2577	-10.692372	lia
2578	-10.692439	▁American
2579	-10.693079	▁glass
2580	-10.693300	▁unloved
2581	-10.695115	▁officer
2582	-10.695300	▁Time
2583	-10.696374	▁plane
2584	-10.697584	▁therapy
2585	-10.697640	ny
2586	-10.697664	▁pen
2587	-10.697886	▁ignore
2588	-10.700339	▁manager
2589	-10.700583	▁items
2590	-10.700730	▁failed
2591	-10.701488	▁unpleasant
2592	-10.702154	▁mark
2593	-10.703824	▁experienced
2594	-10.704082	nna
2595	-10.704288	▁desire
2596	-10.704315	▁h
2597	-10.704905	▁je
2598	-10.705607	▁beloved
2599	-10.705607	▁machine
2600	-10.706759	▁crowd
2601	-10.707674	▁audience
2602	-10.708104	ray
2603	-10.708217	▁rely
2604	-10.709020	▁sorts
2605	-10.709409	▁toward
2606	-10.710028	▁kick
2607	-10.710421	wi
2608	-10.710878	▁mis
2609	-10.712021	▁betrayed
2610	-10.712814	▁magic
2611	-10.713489	▁hat
2612	-10.713898	▁Tuesday
2613	-10.713899	▁creating
2614	-10.713899	▁inviting
2615	-10.714932	▁mar
2616	-10.715014	nny
2617	-10.715981	▁university
2618	-10.716494	▁ro
2619	-10.717482	uc
2620	-10.718980	ide
2621	-10.719560	▁resources
2622	-10.719773	▁emotion
2623	-10.720170	▁battle
2624	-10.720210	▁kiss
2625	-10.720233	▁Give
2626	-10.720333	▁collection
2627	-10.720354	▁novel
2628	-10.720631	▁originally
2629	-10.721691	▁thoughtful
2630	-10.722259	▁Christmas
2631	-10.723083	▁score
2632	-10.724457	▁suffer
2633	-10.726343	▁author
2634	-10.726463	▁semester
2635	-10.726474	▁baseball
2636	-10.726980	▁Yep
2637	-10.727927	▁Si
2638	-10.728857	ain
2639	-10.729733	▁fi
2640	-10.730013	▁lesson
2641	-10.730705	▁bottle
2642	-10.731984	hy
2643	-10.732154	▁wash
2644	-10.732711	▁nap
2645	-10.732806	▁Interesting
2646	-10.732924	▁San
2647	-10.733756	▁Yea
2648	-10.733835	▁speed
2649	-10.734929	▁traffic
2650	-10.736388	ui
2651	-10.736610	▁stars
2652	-10.737057	▁virtuous
2653	-10.739189	▁pursue
2654	-10.739190	▁David
2655	-10.739192	▁dropped
2656	-10.742928	▁drawing
2657	-10.743244	▁hurting
2658	-10.743272	▁metal
2659	-10.743443	▁president
2660	-10.743467	▁bottom
2661	-10.743467	▁happier
2662	-10.744344	▁Uh
2663	-10.744637	▁fixed
2664	-10.744658	▁pack
2665	-10.744890	ile
2666	-10.745082	▁Su
2667	-10.745577	▁collect
2668	-10.745613	▁variety
2669	-10.745614	▁random
2670	-10.745835	▁oil
2671	-10.746024	▁solution
2672	-10.746482	▁dollars
2673	-10.747764	▁managing
2674	-10.747764	▁throat
2675	-10.748683	""
2676	-10.748822	▁attempt
2677	-10.749919	▁congratulations
2678	-10.750462	▁hero
2679	-10.752054	▁challenges
2680	-10.752316	▁station
2681	-10.752498	mp
2682	-10.752632	▁recipe
2683	-10.753108	fa
2684	-10.753628	▁calming
2685	-10.754214	use
2686	-10.754244	▁presence
2687	-10.754332	▁handsome
2688	-10.754353	bs
2689	-10.754363	▁teeth
2690	-10.754949	▁Dr
2691	-10.756485	▁hiding
2692	-10.757334	ake
2693	-10.757928	▁Po
2694	-10.758078	▁visiting
2695	-10.758312	▁readers
2696	-10.758586	▁Remember
2697	-10.758828	▁glasses
2698	-10.759451	▁release
2699	-10.759654	ft
2700	-10.760035	▁vs
2701	-10.760765	▁Wednesday
2702	-10.761365	▁sisters
2703	-10.761643	!"
2704	-10.762948	▁communicate
2705	-10.763444	▁Bri
2706	-10.763499	▁gr
2707	-10.763824	▁divorce
2708	-10.763879	▁heal
2709	-10.763905	gra
2710	-10.764219	▁center
2711	-10.765136	▁prevent
2712	-10.766038	▁Ri
2713	-10.767378	▁dying
2714	-10.769412	ella
2715	-10.769527	▁relief
2716	-10.769563	▁chair
2717	-10.769567	▁childhood
2718	-10.770798	▁Too
2719	-10.770964	▁YOU
2720	-10.771187	▁US
2721	-10.771203	▁carrying
2722	-10.771373	▁bo
2723	-10.771406	▁sea
2724	-10.771738	▁hurry
2725	-10.771787	▁none
2726	-10.771823	▁data
2727	-10.772045	cha
2728	-10.772893	▁gold
2729	-10.773300	▁turning
2730	-10.773388	▁videos
2731	-10.773808	▁Isn
2732	-10.773817	▁members
2733	-10.774838	▁lake
2734	-10.776204	▁investment
2735	-10.776604	▁pace
2736	-10.776661	wa
2737	-10.776662	▁gay
2738	-10.777575	▁nearly
2739	-10.777722	we
2740	-10.778270	▁anti
2741	-10.778340	▁fool
2742	-10.778367	▁purple
2743	-10.778898	▁ba
2744	-10.780134	▁ate
2745	-10.780589	▁Enjoy
2746	-10.780589	▁appreciative
2747	-10.780589	▁disillusioned
2748	-10.781911	▁goodness
2749	-10.782000	▁Ky
2750	-10.782106	▁Bo
2751	-10.782366	▁actual
2752	-10.782743	J
2753	-10.782816	▁allergic
2754	-10.782823	▁appointment
2755	-10.784613	▁original
2756	-10.784902	▁throwing
2757	-10.785048	▁vegetarian
2758	-10.785070	▁finishing
2759	-10.786324	▁Con
2760	-10.786904	▁Hu
2761	-10.787953	▁Only
2762	-10.788802	▁strongly
2763	-10.789532	▁From
2764	-10.789555	▁pride
2765	-10.790127	▁shoot
2766	-10.790814	▁His
2767	-10.791775	▁necessarily
2768	-10.791775	▁security
2769	-10.791793	▁thread
2770	-10.792574	▁tour
2771	-10.793006	▁benefits
2772	-10.793350	▁pie
2773	-10.793566	▁mentioned
2774	-10.794027	▁therapist
2775	-10.794068	▁countries
2776	-10.794248	gu
2777	-10.794729	▁regularly
2778	-10.795097	ky
2779	-10.795106	▁sight
2780	-10.795190	▁remain
2781	-10.795897	cy
2782	-10.796222	▁serve
2783	-10.797569	▁OP
2784	-10.797813	ang
2785	-10.798547	▁experiencing
2786	-10.798586	pi
2787	-10.798880	ions
2788	-10.799705	▁sp
2789	-10.801271	▁range
2790	-10.801449	ect
2791	-10.801784	▁fiction
2792	-10.802652	pt
2793	-10.803062	▁discuss
2794	-10.804148	▁higher
2795	-10.805151	▁intention
2796	-10.805370	▁firm
2797	-10.806205	▁detail
2798	-10.807686	▁Ugh
2799	-10.808158	▁bake
2800	-10.808196	▁wide
2801	-10.809851	▁ra
2802	-10.809938	▁tennis
2803	-10.810102	▁loan
2804	-10.810302	ler
2805	-10.810417	▁harm
2806	-10.811352	avi
2807	-10.811896	▁till
2808	-10.812230	▁arguing
2809	-10.812234	▁storm
2810	-10.812278	▁selection
2811	-10.812363	▁Italy
2812	-10.812494	▁tortured
2813	-10.813561	our
2814	-10.813896	ney
2815	-10.813961	▁tests
2816	-10.814553	▁ease
2817	-10.814619	od
2818	-10.814987	▁levels
2819	-10.816833	▁California
2820	-10.816833	▁inspiration
2821	-10.817189	▁names
2822	-10.817401	▁Pre
2823	-10.817638	all
2824	-10.817638	▁cookies
2825	-10.821264	▁danger
2826	-10.822094	▁mentally
2827	-10.822427	▁grandma
2828	-10.822447	▁fairly
2829	-10.822543	for
2830	-10.823862	▁favor
2831	-10.824012	▁ta
2832	-10.824162	▁plant
2833	-10.824984	mar
2834	-10.825293	▁Li
2835	-10.826058	▁lessons
2836	-10.826749	▁Ni
2837	-10.827084	ena
2838	-10.827347	▁pretend
2839	-10.828800	▁cheat
2840	-10.829572	▁True
2841	-10.830770	▁complex
2842	-10.830770	▁military
2843	-10.832290	▁Fuck
2844	-10.832982	▁Most
2845	-10.833113	▁Florida
2846	-10.833114	▁distance
2847	-10.833241	▁roll
2848	-10.833277	▁kidding
2849	-10.833772	▁contented
2850	-10.834776	▁fingers
2851	-10.834965	▁hung
2852	-10.835896	▁block
2853	-10.835949	▁killing
2854	-10.836044	ette
2855	-10.836315	▁file
2856	-10.837200	▁checking
2857	-10.837813	▁built
2858	-10.837813	▁including
2859	-10.838114	▁member
2860	-10.838232	▁rel
2861	-10.838492	▁comp
2862	-10.839068	▁filled
2863	-10.840172	▁groceries
2864	-10.840179	▁bathroom
2865	-10.841423	▁Hmmm
2866	-10.842669	▁marry
2867	-10.842834	▁headache
2868	-10.844058	you
2869	-10.845130	▁embarrassing
2870	-10.845747	bl
2871	-10.846300	sta
2872	-10.847304	▁orange
2873	-10.847333	▁Wait
2874	-10.849211	▁recent
2875	-10.849662	▁speech
2876	-10.849677	▁frantic
2877	-10.849716	▁baking
2878	-10.850218	▁expectations
2879	-10.850672	▁camp
2880	-10.851203	▁raised
2881	-10.852061	▁feedback
2882	-10.852081	▁sentence
2883	-10.852376	▁rate
2884	-10.852479	▁plate
2885	-10.854443	▁shall
2886	-10.854483	▁memory
2887	-10.854827	▁passing
2888	-10.854829	▁screw
2889	-10.855288	▁bird
2890	-10.856809	▁Ho
2891	-10.856998	▁pants
2892	-10.857183	▁Qu
2893	-10.857314	▁Sam
2894	-10.857707	ward
2895	-10.859242	▁families
2896	-10.859250	ail
2897	-10.859417	▁distressed
2898	-10.859870	▁safety
2899	-10.861485	▁le
2900	-10.861652	▁english
2901	-10.861652	▁produce
2902	-10.861653	▁version
2903	-10.861659	▁recommendations
2904	-10.863591	▁Th
2905	-10.863849	ator
2906	-10.863885	▁reflect
2907	-10.864067	▁Doctor
2908	-10.864067	▁private
2909	-10.864277	▁Wish
2910	-10.864351	▁mate
2911	-10.864427	▁creepy
2912	-10.864566	ries
2913	-10.864630	▁faithful
2914	-10.864773	▁finger
2915	-10.865036	▁compared
2916	-10.866488	▁complicated
2917	-10.866488	▁hilarious
2918	-10.866894	▁Big
2919	-10.867180	▁dish
2920	-10.867656	king
2921	-10.868162	▁se
2922	-10.868916	▁steak
2923	-10.868918	▁favourite
2924	-10.868990	▁fellow
2925	-10.869386	av
2926	-10.871249	laughs
2927	-10.871578	ound
2928	-10.871701	▁odd
2929	-10.871818	▁added
2930	-10.871968	▁ka
2931	-10.873310	▁stayed
2932	-10.873345	▁businesses
2933	-10.873625	▁review
2934	-10.873788	▁slept
2935	-10.873808	▁indeed
2936	-10.873908	▁background
2937	-10.876234	▁Still
2938	-10.876486	▁disgusting
2939	-10.877162	▁sadness
2940	-10.877393	▁ho
2941	-10.877522	so
2942	-10.878767	▁jail
2943	-10.878960	old
2944	-10.879288	ING
2945	-10.881141	▁motivation
2946	-10.881302	gi
2947	-10.881442	▁politics
2948	-10.881916	▁soup
2949	-10.882934	▁rap
2950	-10.883614	▁double
2951	-10.883817	ick
2952	-10.883906	▁showed
2953	-10.884660	▁hotel
2954	-10.884864	▁smaller
2955	-10.885876	▁contract
2956	-10.885935	▁sand
2957	-10.886174	▁lo
2958	-10.886208	▁keen
2959	-10.887236	▁graduate
2960	-10.887355	▁suck
2961	-10.888551	▁confusing
2962	-10.888571	▁tiny
2963	-10.888967	▁perform
2964	-10.889496	▁singer
2965	-10.890375	▁bite
2966	-10.890380	▁update
2967	-10.890395	▁guilt
2968	-10.890509	▁rule
2969	-10.891091	▁skill
2970	-10.891125	▁risks
2971	-10.891447	▁nor
2972	-10.892570	▁effect
2973	-10.892653	▁honor
2974	-10.893230	▁drama
2975	-10.894174	▁exist
2976	-10.894287	▁financially
2977	-10.894518	▁lay
2978	-10.895316	▁claim
2979	-10.895481	▁wi
2980	-10.895595	▁lied
2981	-10.896059	▁neck
2982	-10.896256	▁communication
2983	-10.897413	▁lu
2984	-10.898099	▁apply
2985	-10.898108	▁def
2986	-10.898511	▁Perfect
2987	-10.898574	▁accomplishment
2988	-10.899260	men
2989	-10.899308	▁l
2990	-10.900434	▁Paris
2991	-10.900661	art
2992	-10.901017	▁About
2993	-10.901026	▁department
2994	-10.901030	▁section
2995	-10.901439	▁flu
2996	-10.901547	ap
2997	-10.901855	▁li
2998	-10.902454	ship
2999	-10.903530	▁political
3000	-10.903530	▁studied
3001	-10.904378	qua
3002	-10.905162	sia
3003	-10.906105	▁neat
3004	-10.906308	not
3005	-10.906731	▁makeup
3006	-10.906860	au
3007	-10.906968	▁pays
3008	-10.908738	▁Jan
3009	-10.909129	▁attend
3010	-10.910468	▁Um
3011	-10.910705	pp
3012	-10.911039	▁disagree
3013	-10.911214	▁accountant
3014	-10.912251	▁received
3015	-10.912443	▁highly
3016	-10.912492	▁adjust
3017	-10.912728	▁disappear
3018	-10.913036	ue
3019	-10.913258	cing
3020	-10.913644	▁location
3021	-10.913644	▁salad
3022	-10.913753	▁sunday
3023	-10.913831	▁satisfying
3024	-10.913946	▁pointless
3025	-10.913997	▁cutting
3026	-10.914664	▁male
3027	-10.914871	▁increase
3028	-10.916512	▁react
3029	-10.916586	ear
3030	-10.917378	▁notes
3031	-10.917746	iv
3032	-10.918151	▁base
3033	-10.918739	▁Excellent
3034	-10.918996	but
3035	-10.919570	▁ship
3036	-10.919667	▁drugs
3037	-10.920125	▁Sp
3038	-10.921297	▁medicine
3039	-10.921297	▁studies
3040	-10.921547	▁um
3041	-10.921700	over
3042	-10.922111	▁craft
3043	-10.922509	▁effects
3044	-10.922636	▁By
3045	-10.922659	▁Tre
3046	-10.923862	▁dazed
3047	-10.923875	▁reduce
3048	-10.924861	▁Ed
3049	-10.926156	▁birds
3050	-10.926171	▁Dar
3051	-10.927541	tra
3052	-10.928092	▁murder
3053	-10.928970	og
3054	-10.931640	▁commitment
3055	-10.934196	▁desk
3056	-10.934393	▁listless
3057	-10.934442	▁herself
3058	-10.935162	com
3059	-10.935308	▁blow
3060	-10.935483	▁upcoming
3061	-10.936252	▁cares
3062	-10.936813	▁spring
3063	-10.936814	▁compassionate
3064	-10.937586	RE
3065	-10.938261	well
3066	-10.938482	▁concerned
3067	-10.938842	▁fired
3068	-10.939400	ham
3069	-10.940451	▁trick
3070	-10.940740	▁j
3071	-10.940958	▁chances
3072	-10.941160	rate
3073	-10.942256	▁statement
3074	-10.942410	▁cycle
3075	-10.943145	▁hunting
3076	-10.944499	▁source
3077	-10.944960	▁Red
3078	-10.945527	▁movement
3079	-10.948023	▁urge
3080	-10.948550	▁contribute
3081	-10.949870	▁lmao
3082	-10.949927	▁property
3083	-10.949970	▁Someone
3084	-10.950480	▁vision
3085	-10.951772	▁opened
3086	-10.952519	▁United
3087	-10.952843	▁photography
3088	-10.953545	▁Ru
3089	-10.953555	▁cheated
3090	-10.953765	(
3091	-10.953828	don
3092	-10.954308	▁brush
3093	-10.954360	▁War
3094	-10.954467	▁Ana
3095	-10.954470	▁Could
3096	-10.955154	▁fantasy
3097	-10.955443	car
3098	-10.956261	▁Pro
3099	-10.956812	▁flow
3100	-10.957374	You
3101	-10.957918	▁Canada
3102	-10.957994	▁favorites
3103	-10.958385	▁horses
3104	-10.958631	rry
3105	-10.958668	▁cast
3106	-10.958687	▁coat
3107	-10.958927	▁pot
3108	-10.959098	▁shooting
3109	-10.960592	▁Jake
3110	-10.960649	end
3111	-10.960970	▁birth
3112	-10.961058	▁accomplish
3113	-10.961608	▁Best
3114	-10.962037	▁experiment
3115	-10.963133	▁disease
3116	-10.963985	▁invest
3117	-10.965101	▁note
3118	-10.965159	▁bowl
3119	-10.966017	▁delighted
3120	-10.966504	▁opinions
3121	-10.966542	ira
3122	-10.967183	X
3123	-10.968009	▁image
3124	-10.968322	▁Looks
3125	-10.968474	▁Super
3126	-10.968488	▁Congrats
3127	-10.968492	▁triumphant
3128	-10.968568	▁facebook
3129	-10.971141	▁More
3130	-10.971206	▁skeptical
3131	-10.972717	▁deserves
3132	-10.973249	▁pa
3133	-10.973398	ugh
3134	-10.973428	side
3135	-10.973472	▁feed
3136	-10.973617	work
3137	-10.973911	▁river
3138	-10.973929	▁solid
3139	-10.975960	▁mountains
3140	-10.976605	▁decent
3141	-10.976820	▁asset
3142	-10.976955	▁vi
3143	-10.977107	▁flavor
3144	-10.977173	▁apples
3145	-10.978598	▁pulled
3146	-10.978804	ST
3147	-10.979262	▁related
3148	-10.979520	▁Har
3149	-10.979684	▁dancer
3150	-10.980059	die
3151	-10.982001	▁elegant
3152	-10.982001	▁possibility
3153	-10.982002	▁Listen
3154	-10.982003	▁Next
3155	-10.982016	▁joking
3156	-10.983458	▁worker
3157	-10.984727	▁glamorous
3158	-10.985116	IN
3159	-10.985318	▁However
3160	-10.985659	▁amused
3161	-10.986073	▁accidents
3162	-10.987227	ight
3163	-10.987517	▁fever
3164	-10.987899	▁woods
3165	-10.988060	▁suggest
3166	-10.988264	▁concept
3167	-10.988565	▁retired
3168	-10.988638	▁map
3169	-10.988884	port
3170	-10.990198	▁female
3171	-10.990305	▁refreshing
3172	-10.990418	▁press
3173	-10.990506	▁site
3174	-10.990917	▁City
3175	-10.991533	▁lower
3176	-10.991902	▁flat
3177	-10.992223	▁ni
3178	-10.992946	▁league
3179	-10.992946	▁starving
3180	-10.992952	▁friday
3181	-10.993175	▁ri
3182	-10.993182	▁awake
3183	-10.993206	▁Pi
3184	-10.993869	▁individual
3185	-10.994610	▁sc
3186	-10.994815	▁tax
3187	-10.995208	▁tag
3188	-10.995788	▁breathing
3189	-10.996140	▁Kay
3190	-10.996655	▁messed
3191	-10.997716	▁sha
3192	-10.998255	▁op
3193	-11.000031	▁States
3194	-11.000387	wn
3195	-11.001283	▁justice
3196	-11.002298	▁musician
3197	-11.003416	▁keys
3198	-11.003438	▁american
3199	-11.004009	▁Other
3200	-11.004011	▁blind
3201	-11.004011	▁french
3202	-11.004333	▁reddit
3203	-11.004673	▁services
3204	-11.004775	▁bath
3205	-11.006458	▁clients
3206	-11.006547	▁cards
3207	-11.006614	▁deserved
3208	-11.006796	▁inspiring
3209	-11.006801	▁laptop
3210	-11.006866	▁sweetheart
3211	-11.007042	▁Paul
3212	-11.008061	▁benefit
3213	-11.008340	▁answers
3214	-11.008689	▁dare
3215	-11.008699	▁Ray
3216	-11.008860	van
3217	-11.009124	▁cheap
3218	-11.009399	▁rut
3219	-11.009549	▁legal
3220	-11.009786	▁grandmother
3221	-11.011615	▁load
3222	-11.011877	▁normally
3223	-11.012391	▁channel
3224	-11.012529	▁theater
3225	-11.012572	▁seven
3226	-11.013266	ug
3227	-11.013957	▁settle
3228	-11.014266	ious
3229	-11.014429	▁po
3230	-11.015466	▁downtown
3231	-11.016943	gh
3232	-11.017488	ned
3233	-11.018046	▁monster
3234	-11.018080	▁development
3235	-11.019156	isha
3236	-11.019579	It
3237	-11.020959	ical
3238	-11.021623	ER
3239	-11.022977	▁staff
3240	-11.023674	▁policy
3241	-11.023679	▁weepy
3242	-11.023681	▁multiple
3243	-11.023729	▁Eli
3244	-11.023999	ative
3245	-11.024010	▁reply
3246	-11.024272	▁Mostly
3247	-11.024787	pro
3248	-11.025362	+
3249	-11.025375	That
3250	-11.025423	▁reaching
3251	-11.026516	▁function
3252	-11.026931	▁presentation
3253	-11.027717	▁Mon
3254	-11.027852	▁sin
3255	-11.028684	▁led
3256	-11.028760	▁drinks
3257	-11.029099	gen
3258	-11.029365	▁complacent
3259	-11.029365	▁technology
3260	-11.029369	▁sharp
3261	-11.029840	ified
3262	-11.030068	nne
3263	-11.030235	▁followed
3264	-11.030479	▁gain
3265	-11.032127	▁alcohol
3266	-11.033080	▁freak
3267	-11.033139	elle
3268	-11.034484	▁ski
3269	-11.035087	▁LOL
3270	-11.035087	▁furniture
3271	-11.035569	▁mum
3272	-11.035882	ora
3273	-11.037540	▁chose
3274	-11.037551	ach
3275	-11.037960	▁School
3276	-11.037998	▁toy
3277	-11.038197	▁yard
3278	-11.038356	▁moon
3279	-11.038801	lah
3280	-11.039022	zz
3281	-11.039750	▁army
3282	-11.039828	right
3283	-11.040863	▁attractive
3284	-11.040986	▁blogging
3285	-11.041186	▁improvement
3286	-11.041326	▁heartless
3287	-11.041395	▁yelling
3288	-11.041684	▁web
3289	-11.042611	▁playful
3290	-11.043202	▁radio
3291	-11.043734	▁sushi
3292	-11.043740	▁babies
3293	-11.044242	ov
3294	-11.044276	▁suggestions
3295	-11.044744	▁Ju
3296	-11.044776	▁heading
3297	-11.045208	▁features
3298	-11.045904	▁Star
3299	-11.045990	▁mi
3300	-11.046631	▁Apple
3301	-11.046720	▁Anyway
3302	-11.047006	▁discussion
3303	-11.048047	lay
3304	-11.048224	▁receive
3305	-11.048616	ade
3306	-11.048784	▁ca
3307	-11.049539	▁distant
3308	-11.049583	oc
3309	-11.051243	ably
3310	-11.051282	▁cheer
3311	-11.052376	▁thin
3312	-11.052453	▁laundry
3313	-11.052549	▁everybody
3314	-11.053366	▁respond
3315	-11.053844	▁scare
3316	-11.053874	ye
3317	-11.053957	▁print
3318	-11.054520	▁grand
3319	-11.054859	lor
3320	-11.055069	▁apple
3321	-11.055347	▁guard
3322	-11.055377	▁Unfortunately
3323	-11.055415	jo
3324	-11.056505	▁sta
3325	-11.056734	▁pasta
3326	-11.057366	▁covered
3327	-11.057591	▁failing
3328	-11.057765	▁nails
3329	-11.058120	▁chill
3330	-11.058310	▁Tomorrow
3331	-11.058310	▁excitement
3332	-11.058310	▁hundred
3333	-11.058310	▁knife
3334	-11.058738	▁hip
3335	-11.058868	▁leading
3336	-11.060548	▁explaining
3337	-11.061251	▁grouchy
3338	-11.061339	▁lord
3339	-11.061469	▁overcome
3340	-11.062251	▁joining
3341	-11.062977	▁develop
3342	-11.063110	▁demand
3343	-11.063746	ple
3344	-11.064200	▁George
3345	-11.064200	▁Mexico
3346	-11.064200	▁sensitive
3347	-11.064202	▁bullshit
3348	-11.064642	▁toys
3349	-11.065784	▁king
3350	-11.066453	ld
3351	-11.066857	▁shouldnt
3352	-11.066939	▁meals
3353	-11.067231	▁wrap
3354	-11.067283	▁utterly
3355	-11.067352	▁realistic
3356	-11.067990	ek
3357	-11.070230	▁doubtful
3358	-11.070372	▁taxes
3359	-11.071428	No
3360	-11.071865	▁Bu
3361	-11.072262	▁dr
3362	-11.073019	▁defend
3363	-11.073103	▁submissive
3364	-11.073150	▁waking
3365	-11.073156	▁Earth
3366	-11.073173	▁rare
3367	-11.074265	▁Lily
3368	-11.074385	▁Frank
3369	-11.074617	ko
3370	-11.075397	back
3371	-11.075788	yla
3372	-11.077709	ita
3373	-11.078574	▁smells
3374	-11.078917	lon
3375	-11.079072	▁access
3376	-11.079082	▁impossible
3377	-11.079085	▁src
3378	-11.079134	▁committed
3379	-11.079281	AT
3380	-11.079369	▁island
3381	-11.080626	ash
3382	-11.081400	▁shoulders
3383	-11.081662	▁effective
3384	-11.082053	▁knee
3385	-11.082575	▁jokes
3386	-11.083780	▁capture
3387	-11.084053	▁engine
3388	-11.084668	pping
3389	-11.084702	▁insane
3390	-11.084903	let
3391	-11.085109	▁software
3392	-11.085347	▁hunt
3393	-11.085482	▁personality
3394	-11.086464	▁holidays
3395	-11.087837	ker
3396	-11.088119	▁Again
3397	-11.088119	▁injured
3398	-11.088119	▁sarcastic
3399	-11.088133	▁facing
3400	-11.088355	▁treating
3401	-11.088434	▁charming
3402	-11.088524	▁Black
3403	-11.088788	▁sa
3404	-11.089499	▁arent
3405	-11.089606	▁cons
3406	-11.089969	▁lines
3407	-11.090628	▁wise
3408	-11.090816	▁hey
3409	-11.091208	▁italian
3410	-11.091302	▁dedicated
3411	-11.091796	▁efforts
3412	-11.091925	▁prison
3413	-11.091928	pl
3414	-11.092468	▁button
3415	-11.093594	ev
3416	-11.093820	▁forest
3417	-11.094189	▁religious
3418	-11.094203	▁yellow
3419	-11.095090	▁ju
3420	-11.095221	▁scratch
3421	-11.096150	fl
3422	-11.097237	▁horror
3423	-11.097241	▁puppy
3424	-11.097256	▁hostile
3425	-11.097368	▁du
3426	-11.097466	board
3427	-11.097486	▁clothing
3428	-11.098809	▁wood
3429	-11.098970	▁pan
3430	-11.099216	▁spread
3431	-11.099345	▁tip
3432	-11.099800	▁previous
3433	-11.100591	▁Daddy
3434	-11.100679	▁novels
3435	-11.101285	▁Sound
3436	-11.101467	▁invited
3437	-11.101997	iana
3438	-11.102400	▁Kai
3439	-11.103418	▁Night
3440	-11.105126	▁growth
3441	-11.105932	ica
3442	-11.106463	▁junk
3443	-11.106514	▁crack
3444	-11.106546	RA
3445	-11.106564	▁concerns
3446	-11.106819	▁via
3447	-11.106933	▁Bar
3448	-11.107898	▁designer
3449	-11.108208	▁assume
3450	-11.109239	cl
3451	-11.109526	▁magazine
3452	-11.109528	▁average
3453	-11.110620	▁shock
3454	-11.111259	▁stealing
3455	-11.111516	▁mid
3456	-11.112220	▁succeeded
3457	-11.112621	▁Texas
3458	-11.112809	▁scenery
3459	-11.113624	▁Ms
3460	-11.114539	▁idiotic
3461	-11.114590	▁fe
3462	-11.114619	▁reminder
3463	-11.115261	▁addition
3464	-11.115775	▁chef
3465	-11.116348	▁hitting
3466	-11.116438	▁mountain
3467	-11.118008	▁rec
3468	-11.118268	ities
3469	-11.118402	▁Whoa
3470	-11.118842	▁hockey
3471	-11.118869	▁racing
3472	-11.120468	▁stone
3473	-11.120797	▁naturally
3474	-11.121146	▁teachers
3475	-11.121321	▁va
3476	-11.121407	▁expenses
3477	-11.121931	▁efficient
3478	-11.121967	▁circle
3479	-11.122161	▁considerate
3480	-11.122322	▁nerves
3481	-11.123169	ino
3482	-11.125059	▁document
3483	-11.125132	▁regardless
3484	-11.126325	▁calls
3485	-11.126500	▁Fi
3486	-11.127113	▁Watch
3487	-11.127507	▁ingredients
3488	-11.128234	▁avoiding
3489	-11.128247	▁supplies
3490	-11.128300	▁south
3491	-11.128355	▁apparently
3492	-11.128362	▁Dude
3493	-11.128604	▁Johnson
3494	-11.129388	▁states
3495	-11.129723	▁settled
3496	-11.130909	▁exact
3497	-11.131174	▁sandwich
3498	-11.131402	▁atmosphere
3499	-11.131450	▁eight
3500	-11.131548	▁healthier
3501	-11.132198	▁heaven
3502	-11.132793	▁performing
3503	-11.134566	▁stunning
3504	-11.134566	▁violence
3505	-11.134575	▁Although
3506	-11.134919	▁election
3507	-11.135970	▁adding
3508	-11.136048	▁creatures
3509	-11.136065	▁Col
3510	-11.136124	▁mall
3511	-11.136538	▁complaining
3512	-11.136621	▁TO
3513	-11.137246	▁desperate
3514	-11.137748	▁remorseful
3515	-11.138288	▁genre
3516	-11.138714	▁dust
3517	-11.138930	▁neighbor
3518	-11.139041	▁West
3519	-11.139608	▁survive
3520	-11.139722	[
3521	-11.140925	▁garbage
3522	-11.140928	▁marathon
3523	-11.140950	▁guide
3524	-11.141036	▁nearby
3525	-11.141103	▁tasks
3526	-11.141210	▁panic
3527	-11.141392	ung
3528	-11.141660	▁tie
3529	-11.143864	▁Kris
3530	-11.144125	▁tweet
3531	-11.145256	▁sooo
3532	-11.145787	▁donate
3533	-11.146608	▁basics
3534	-11.146968	▁earn
3535	-11.147968	▁illness
3536	-11.148174	▁folks
3537	-11.149214	▁artists
3538	-11.149436	▁actor
3539	-11.149611	▁income
3540	-11.149961	ED
3541	-11.150050	▁Ti
3542	-11.150533	▁Japan
3543	-11.150535	▁wa
3544	-11.150541	▁pocket
3545	-11.150629	▁Omg
3546	-11.150681	▁spa
3547	-11.150912	▁pounds
3548	-11.151001	▁smoothly
3549	-11.151754	▁switch
3550	-11.152387	▁punch
3551	-11.153151	ual
3552	-11.153767	▁evil
3553	-11.153767	▁graduation
3554	-11.154431	▁sake
3555	-11.154701	ily
3556	-11.154841	▁min
3557	-11.155190	▁kicked
3558	-11.155196	▁truthful
3559	-11.156984	▁shared
3560	-11.157003	▁Should
3561	-11.157003	▁necklace
3562	-11.157185	▁ultimately
3563	-11.157502	▁waves
3564	-11.157619	▁sounded
3565	-11.157676	▁limit
3566	-11.157677	▁gardening
3567	-11.157702	▁reminds
3568	-11.157735	▁mile
3569	-11.158870	▁retire
3570	-11.159077	▁bond
3571	-11.160256	▁uncle
3572	-11.160283	▁zone
3573	-11.160289	▁roof
3574	-11.162677	▁stressing
3575	-11.162688	▁master
3576	-11.162735	▁lift
3577	-11.163507	▁stunned
3578	-11.163981	▁ur
3579	-11.165378	hu
3580	-11.166238	▁trusted
3581	-11.166777	▁Always
3582	-11.167649	▁discovered
3583	-11.167705	▁reasonable
3584	-11.168595	can
3585	-11.168744	▁compare
3586	-11.169568	▁fr
3587	-11.170053	▁World
3588	-11.170054	▁hectic
3589	-11.170074	▁Another
3590	-11.170108	▁Stop
3591	-11.170305	▁closed
3592	-11.170341	▁genuinely
3593	-11.170839	app
3594	-11.172130	▁mixed
3595	-11.172341	▁scream
3596	-11.173208	▁circumstances
3597	-11.173344	▁racist
3598	-11.173356	▁jazz
3599	-11.173370	▁appearance
3600	-11.173450	▁Ll
3601	-11.174633	▁copy
3602	-11.174987	▁cope
3603	-11.175001	▁vent
3604	-11.176202	▁z
3605	-11.176540	istic
3606	-11.176646	▁Totally
3607	-11.176876	off
3608	-11.177091	▁Didn
3609	-11.178795	▁drug
3610	-11.179958	▁debate
3611	-11.180189	▁techniques
3612	-11.180308	▁entertained
3613	-11.180612	▁Stay
3614	-11.181520	▁Mac
3615	-11.181714	▁gl
3616	-11.181975	▁Sun
3617	-11.182607	Z
3618	-11.182811	AN
3619	-11.183302	▁victimized
3620	-11.183347	▁package
3621	-11.184192	▁defense
3622	-11.184509	▁demanding
3623	-11.184624	ila
3624	-11.185490	ez
3625	-11.185500	▁habit
3626	-11.185946	rin
3627	-11.186216	▁blamed
3628	-11.186614	▁purse
3629	-11.186803	lic
3630	-11.186992	▁bra
3631	-11.187094	▁sold
3632	-11.187160	▁teenager
3633	-11.187202	▁Ge
3634	-11.187896	▁lean
3635	-11.188142	▁nicer
3636	-11.188643	▁prepare
3637	-11.189934	▁resist
3638	-11.189955	▁distraught
3639	-11.189955	▁measure
3640	-11.189955	▁mirror
3641	-11.190060	▁impression
3642	-11.190163	▁quitting
3643	-11.190398	▁disc
3644	-11.190628	▁code
3645	-11.190787	ria
3646	-11.193339	▁uptight
3647	-11.193427	▁Milan
3648	-11.194133	▁hurtful
3649	-11.194393	▁mail
3650	-11.195793	▁nightmare
3651	-11.196054	▁scar
3652	-11.196092	▁equal
3653	-11.196133	any
3654	-11.196247	she
3655	-11.196677	▁obnoxious
3656	-11.196679	▁sauce
3657	-11.196680	▁violin
3658	-11.196703	▁plot
3659	-11.196978	▁award
3660	-11.197268	▁handling
3661	-11.199510	ack
3662	-11.200056	▁Seriously
3663	-11.200056	▁Yo
3664	-11.200056	▁unexpected
3665	-11.200233	▁accidentally
3666	-11.200503	▁adventures
3667	-11.201574	▁Cal
3668	-11.202166	▁Fe
3669	-11.203064	▁su
3670	-11.203445	▁temperature
3671	-11.204225	▁gu
3672	-11.204380	▁Last
3673	-11.204606	▁national
3674	-11.205789	izing
3675	-11.206230	▁pushed
3676	-11.206358	▁Shan
3677	-11.206854	▁argue
3678	-11.207047	▁flower
3679	-11.207506	▁pig
3680	-11.207537	rick
3681	-11.207986	▁listened
3682	-11.209389	▁nights
3683	-11.210259	▁courage
3684	-11.210288	▁juice
3685	-11.211074	▁discover
3686	-11.211115	▁laughed
3687	-11.211281	win
3688	-11.211802	▁adults
3689	-11.211806	▁Del
3690	-11.212756	IT
3691	-11.213170	▁Du
3692	-11.213216	▁host
3693	-11.213231	▁shamed
3694	-11.213370	nn
3695	-11.213685	▁patience
3696	-11.213686	▁injury
3697	-11.213708	▁monday
3698	-11.213839	▁wallet
3699	-11.214027	▁granted
3700	-11.214170	▁Check
3701	-11.214629	**
3702	-11.215170	ix
3703	-11.215810	▁invite
3704	-11.217132	▁outgoing
3705	-11.219018	▁Bob
3706	-11.219029	ending
3707	-11.219071	▁muscles
3708	-11.219237	▁smooth
3709	-11.220570	▁understood
3710	-11.220820	▁chatting
3711	-11.221595	▁bi
3712	-11.222754	▁replace
3713	-11.224020	uring
3714	-11.224030	▁competitive
3715	-11.224030	▁September
3716	-11.224049	▁chapter
3717	-11.224201	▁laid
3718	-11.224342	▁Jane
3719	-11.224855	▁recovery
3720	-11.225127	▁promised
3721	-11.227081	▁conversations
3722	-11.227320	▁cop
3723	-11.227502	▁saturday
3724	-11.227519	▁reference
3725	-11.227538	▁poem
3726	-11.227586	▁bedroom
3727	-11.228034	▁Jai
3728	-11.228569	ery
3729	-11.229248	▁stranger
3730	-11.229574	▁among
3731	-11.229673	▁neighbors
3732	-11.229797	▁Ash
3733	-11.230807	▁mission
3734	-11.230892	▁mindful
3735	-11.230930	▁Max
3736	-11.230987	▁guidance
3737	-11.230992	▁jeans
3738	-11.232212	press
3739	-11.232955	▁burning
3740	-11.233471	nie
3741	-11.233526	▁homeless
3742	-11.234324	▁Mary
3743	-11.234335	▁proper
3744	-11.234483	▁abilities
3745	-11.234483	▁opposite
3746	-11.234488	▁goodbye
3747	-11.234496	▁mystery
3748	-11.235073	▁July
3749	-11.236062	rus
3750	-11.236958	▁ne
3751	-11.236983	OR
3752	-11.237247	▁com
3753	-11.237711	▁bags
3754	-11.237991	▁explanation
3755	-11.237991	▁frustration
3756	-11.238012	▁breed
3757	-11.238100	▁engineer
3758	-11.238638	▁reader
3759	-11.238983	▁img
3760	-11.239428	▁savings
3761	-11.239514	▁holds
3762	-11.239660	▁rose
3763	-11.239917	cia
3764	-11.240228	▁comedy
3765	-11.241512	▁believing
3766	-11.241512	▁hidden
3767	-11.241544	▁France
3768	-11.242742	▁views
3769	-11.243512	▁beliefs
3770	-11.244141	▁recipes
3771	-11.245057	▁furious
3772	-11.245059	▁activity
3773	-11.245074	▁mechanic
3774	-11.245515	▁Both
3775	-11.245563	▁hateful
3776	-11.246518	▁finances
3777	-11.248559	▁lively
3778	-11.248576	▁quarter
3779	-11.248592	▁adorable
3780	-11.248592	▁sacrifice
3781	-11.248708	▁Anyone
3782	-11.248730	▁improving
3783	-11.249111	▁forced
3784	-11.249654	▁aside
3785	-11.250501	▁focusing
3786	-11.250860	▁runs
3787	-11.250861	ral
3788	-11.250918	▁jo
3789	-11.252151	▁false
3790	-11.252261	▁forgotten
3791	-11.252278	▁White
3792	-11.252308	▁devoted
3793	-11.252426	▁organization
3794	-11.252618	▁profit
3795	-11.252983	▁abuse
3796	-11.253251	▁Tom
3797	-11.253305	▁lights
3798	-11.253321	▁sexual
3799	-11.254275	▁ear
3800	-11.255313	&
3801	-11.255653	▁humans
3802	-11.255722	▁combination
3803	-11.256018	▁wheel
3804	-11.258241	like
3805	-11.258461	▁Tri
3806	-11.258471	▁groups
3807	-11.258568	He
3808	-11.258620	▁solutions
3809	-11.258739	▁surf
3810	-11.258810	▁accurate
3811	-11.258939	▁boo
3812	-11.259302	▁Say
3813	-11.259310	▁strike
3814	-11.259755	▁Mama
3815	-11.260715	▁Gi
3816	-11.260838	▁packed
3817	-11.261539	▁ti
3818	-11.262703	▁commit
3819	-11.262704	▁Ali
3820	-11.262904	▁economy
3821	-11.262904	▁terribly
3822	-11.262906	▁threw
3823	-11.262913	▁colour
3824	-11.262917	az
3825	-11.262973	▁counting
3826	-11.263627	▁par
3827	-11.263832	▁climbing
3828	-11.264054	▁Ever
3829	-11.265471	▁cell
3830	-11.265887	▁staring
3831	-11.265967	nic
3832	-11.266499	▁Ve
3833	-11.266514	▁National
3834	-11.266514	▁pregnancy
3835	-11.266515	▁illegal
3836	-11.266659	▁blonde
3837	-11.267408	OO
3838	-11.269186	▁remembered
3839	-11.269645	▁constant
3840	-11.270096	eb
3841	-11.270144	▁clown
3842	-11.270195	▁jack
3843	-11.270609	hen
3844	-11.271217	ob
3845	-11.271370	▁graceful
3846	-11.271664	▁greatest
3847	-11.273773	▁Imagine
3848	-11.273952	).
3849	-11.274034	▁golden
3850	-11.274094	▁anybody
3851	-11.274195	▁attracted
3852	-11.274593	▁lock
3853	-11.276924	▁eaten
3854	-11.277426	▁basis
3855	-11.278020	▁swing
3856	-11.278064	▁loser
3857	-11.278538	▁allows
3858	-11.279444	ump
3859	-11.279787	▁refuse
3860	-11.281088	▁sociable
3861	-11.281135	▁tidy
3862	-11.281173	▁guns
3863	-11.281354	▁fulfilling
3864	-11.281739	▁Going
3865	-11.282191	bit
3866	-11.282700	▁mon
3867	-11.282757	▁Mari
3868	-11.283278	▁yo
3869	-11.283290	▁fla
3870	-11.283763	▁tune
3871	-11.284779	▁jewelry
3872	-11.284789	▁liking
3873	-11.285110	▁directly
3874	-11.286350	▁rise
3875	-11.287519	▁Edit
3876	-11.288452	▁various
3877	-11.288454	▁twitter
3878	-11.288491	▁snap
3879	-11.289559	▁tattoo
3880	-11.290592	▁Christ
3881	-11.292156	▁conference
3882	-11.293000	▁Che
3883	-11.293380	▁arrived
3884	-11.293550	▁anyways
3885	-11.293729	iness
3886	-11.294144	▁bump
3887	-11.295129	▁Help
3888	-11.295555	▁factors
3889	-11.295874	▁license
3890	-11.296362	ball
3891	-11.296605	ela
3892	-11.297052	▁Win
3893	-11.297305	low
3894	-11.298311	▁sexy
3895	-11.298512	▁repeat
3896	-11.298545	gue
3897	-11.298743	▁carefully
3898	-11.299316	▁journal
3899	-11.299414	▁row
3900	-11.299605	▁reliable
3901	-11.300589	▁cancel
3902	-11.300593	▁aim
3903	-11.300623	fu
3904	-11.301516	▁east
3905	-11.302833	▁topics
3906	-11.303350	▁Amazon
3907	-11.303350	▁ignoring
3908	-11.303357	▁google
3909	-11.303364	▁sunset
3910	-11.303371	▁narrow
3911	-11.304573	▁lies
3912	-11.306159	▁cla
3913	-11.306617	▁obvious
3914	-11.307110	▁October
3915	-11.307112	▁November
3916	-11.307132	▁modern
3917	-11.307154	▁upvote
3918	-11.307225	▁costs
3919	-11.307297	▁stir
3920	-11.307726	▁depending
3921	-11.309140	▁coast
3922	-11.309144	▁rat
3923	-11.309442	▁Ex
3924	-11.309573	ncy
3925	-11.309772	▁ke
3926	-11.310257	ory
3927	-11.310342	▁pit
3928	-11.310884	▁nonetheless
3929	-11.310885	▁essay
3930	-11.311149	▁pin
3931	-11.311827	ox
3932	-11.311874	▁stare
3933	-11.312125	▁correctly
3934	-11.312293	▁Park
3935	-11.312343	▁inter
3936	-11.313581	▁maintain
3937	-11.314672	▁August
3938	-11.314675	▁secure
3939	-11.314700	▁slipping
3940	-11.314707	▁charity
3941	-11.315489	ju
3942	-11.316019	issa
3943	-11.316177	▁drawn
3944	-11.316218	▁honesty
3945	-11.316313	▁hardly
3946	-11.316364	▁assignment
3947	-11.317888	▁lifetime
3948	-11.317926	▁programs
3949	-11.318047	▁tri
3950	-11.318212	ability
3951	-11.318547	▁paperwork
3952	-11.318594	▁queen
3953	-11.318655	▁sending
3954	-11.319502	▁concerts
3955	-11.320217	▁victim
3956	-11.320760	uff
3957	-11.320772	▁deliver
3958	-11.321708	▁stream
3959	-11.322323	▁cringe
3960	-11.322367	▁sides
3961	-11.322964	▁warning
3962	-11.323037	ura
3963	-11.323296	lit
3964	-11.323541	ition
3965	-11.323865	▁Mike
3966	-11.324528	▁el
3967	-11.325107	▁Cat
3968	-11.325212	ken
3969	-11.325580	▁**
3970	-11.326200	▁retirement
3971	-11.326222	▁wound
3972	-11.326317	▁fancy
3973	-11.326327	]!
3974	-11.326818	▁flash
3975	-11.328772	▁safely
3976	-11.328936	▁root
3977	-11.329978	▁quote
3978	-11.329995	▁lottery
3979	-11.329996	▁poetry
3980	-11.331503	▁conscious
3981	-11.332512	▁treasure
3982	-11.332514	▁recognize
3983	-11.333072	▁SO
3984	-11.333224	ami
3985	-11.333328	ible
3986	-11.333588	▁cooked
3987	-11.333744	▁roses
3988	-11.333838	▁sneak
3989	-11.334639	▁fa
3990	-11.335402	▁ja
3991	-11.335711	▁dressed
3992	-11.335720	▁cr
3993	-11.336097	▁Miss
3994	-11.336164	▁released
3995	-11.336390	ong
3996	-11.336796	▁trigger
3997	-11.337705	▁President
3998	-11.337705	▁ancient
3999	-11.337705	▁companies
4000	-11.337706	▁Reddit
4001	-11.337707	▁jolly
4002	-11.337978	▁fortunate
4003	-11.338049	▁Nobody
4004	-11.338617	▁pm
4005	-11.338869	ering
4006	-11.339263	har
4007	-11.339674	▁healing
4008	-11.340551	▁butter
4009	-11.341105	▁salt
4010	-11.341596	responsibilities
4011	-11.341596	▁commercial
4012	-11.341596	▁puzzle
4013	-11.341660	ok
4014	-11.341746	iz
4015	-11.343192	▁investing
4016	-11.344440	chi
4017	-11.344664	light
4018	-11.345066	ations
4019	-11.345360	▁comic
4020	-11.345396	▁input
4021	-11.345532	▁route
4022	-11.345743	▁rice
4023	-11.345750	▁Harry
4024	-11.345938	▁runner
4025	-11.347980	▁volunteering
4026	-11.348186	hal
4027	-11.348220	ever
4028	-11.348764	▁unit
4029	-11.348890	▁shoulder
4030	-11.349060	▁wasting
4031	-11.349423	▁Google
4032	-11.349429	▁phase
4033	-11.349533	▁cure
4034	-11.349586	▁height
4035	-11.349604	▁outraged
4036	-11.350475	▁ban
4037	-11.351406	ik
4038	-11.352060	▁represent
4039	-11.352407	▁hill
4040	-11.352467	▁deeper
4041	-11.352560	play
4042	-11.353361	LOCATION
4043	-11.353361	▁French
4044	-11.353361	▁criminal
4045	-11.353361	▁equation
4046	-11.353361	▁scientist
4047	-11.353431	▁Ooh
4048	-11.353987	▁sl
4049	-11.354145	▁ache
4050	-11.355025	▁prize
4051	-11.356657	▁offered
4052	-11.356746	▁clue
4053	-11.357313	▁London
4054	-11.357313	▁beneficial
4055	-11.357460	▁China
4056	-11.357593	▁streets
4057	-11.357993	▁frame
4058	-11.358603	▁bud
4059	-11.358998	▁boots
4060	-11.359140	▁Pe
4061	-11.359572	▁vet
4062	-11.359945	▁sew
4063	-11.360519	▁ears
4064	-11.361074	▁humor
4065	-11.361281	▁Australia
4066	-11.361282	▁Father
4067	-11.361292	▁suspect
4068	-11.362211	▁sweat
4069	-11.362302	▁meme
4070	-11.362355	▁languages
4071	-11.362845	▁info
4072	-11.362846	▁restaurants
4073	-11.362897	▁patch
4074	-11.363250	▁crush
4075	-11.363786	▁Gra
4076	-11.363954	▁arrive
4077	-11.364375	▁fab
4078	-11.365258	▁civil
4079	-11.365268	▁apology
4080	-11.365296	▁asshole
4081	-11.365314	▁error
4082	-11.365341	▁jacket
4083	-11.365916	▁pour
4084	-11.366344	▁Wi
4085	-11.366438	▁outcome
4086	-11.366701	fo
4087	-11.367529	▁crash
4088	-11.368171	▁instrument
4089	-11.369312	▁Since
4090	-11.369343	▁bomb
4091	-11.369500	▁fries
4092	-11.369755	▁north
4093	-11.370036	▁forgetting
4094	-11.371211	▁Ben
4095	-11.371517	▁enter
4096	-11.371844	▁Trying
4097	-11.372073	▁compete
4098	-11.372368	▁knock
4099	-11.372389	▁click
4100	-11.373281	▁Netflix
4101	-11.373299	▁slip
4102	-11.373322	▁Mother
4103	-11.373726	▁ga
4104	-11.373964	▁cheaper
4105	-11.374435	ched
4106	-11.374630	▁bars
4107	-11.374695	▁reached
4108	-11.374974	gy
4109	-11.375563	▁Sox
4110	-11.375575	py
4111	-11.375621	▁theory
4112	-11.375756	▁traditional
4113	-11.375970	that
4114	-11.376364	ists
4115	-11.376432	che
4116	-11.377314	▁creativity
4117	-11.377315	▁Street
4118	-11.377322	▁vicious
4119	-11.377509	▁vase
4120	-11.377666	▁princess
4121	-11.377761	▁aspects
4122	-11.377829	term
4123	-11.377972	▁windows
4124	-11.378750	▁tank
4125	-11.379216	▁tools
4126	-11.379584	▁appear
4127	-11.381198	ome
4128	-11.381362	RELIGION
4129	-11.381363	▁shadow
4130	-11.381433	▁driven
4131	-11.381463	▁duty
4132	-11.381523	▁christian
4133	-11.382798	▁😂
4134	-11.383677	aking
4135	-11.383699	▁praying
4136	-11.383961	ign
4137	-11.384854	▁suggestion
4138	-11.385179	▁Call
4139	-11.385248	▁Lu
4140	-11.385429	▁contest
4141	-11.386068	▁stopping
4142	-11.386141	ali
4143	-11.386171	▁manner
4144	-11.386474	▁clock
4145	-11.386598	▁Mu
4146	-11.387966	▁bands
4147	-11.389063	eg
4148	-11.389508	cho
4149	-11.389657	▁fu
4150	-11.389881	▁fed
4151	-11.389894	▁shining
4152	-11.390278	▁adopted
4153	-11.391069	▁freaking
4154	-11.391305	▁attending
4155	-11.391634	ew
4156	-11.392980	▁\"""
4157	-11.393127	bel
4158	-11.393608	▁breeze
4159	-11.393608	▁judging
4160	-11.393610	▁backyard
4161	-11.393624	▁ankle
4162	-11.393857	▁Fair
4163	-11.394124	▁mass
4164	-11.394351	▁wave
4165	-11.394463	lp
4166	-11.394867	▁walls
4167	-11.395982	▁Ny
4168	-11.396643	▁soda
4169	-11.396675	▁King
4170	-11.397222	▁candidate
4171	-11.397292	how
4172	-11.397316	▁Bro
4173	-11.397723	▁Either
4174	-11.397723	▁dessert
4175	-11.397723	▁satisfaction
4176	-11.397724	▁cuz
4177	-11.397728	▁wrapped
4178	-11.397840	▁hiring
4179	-11.398412	▁rarely
4180	-11.399802	▁reminded
4181	-11.400070	▁shots
4182	-11.400513	▁Rome
4183	-11.401565	▁letters
4184	-11.401632	▁materials
4185	-11.401855	▁aggressive
4186	-11.401855	▁conclusion
4187	-11.401855	▁errands
4188	-11.401887	▁recall
4189	-11.402119	▁breaks
4190	-11.402462	▁equally
4191	-11.403075	▁Ant
4192	-11.403203	▁causes
4193	-11.403311	▁object
4194	-11.403577	▁developed
4195	-11.404645	ES
4196	-11.405659	▁seconds
4197	-11.405683	▁snack
4198	-11.405712	▁spell
4199	-11.405862	▁leads
4200	-11.406005	▁cherish
4201	-11.406005	▁pencil
4202	-11.406007	▁foreign
4203	-11.406009	▁nasty
4204	-11.406012	▁subreddit
4205	-11.406062	▁Out
4206	-11.406312	▁Getting
4207	-11.406611	▁chosen
4208	-11.408373	▁believed
4209	-11.409213	rated
4210	-11.409483	▁agreed
4211	-11.409651	▁Kal
4212	-11.410172	▁possibilities
4213	-11.410213	▁van
4214	-11.410464	▁angel
4215	-11.410841	▁published
4216	-11.410843	▁washing
4217	-11.412521	▁bri
4218	-11.412992	▁Had
4219	-11.413044	▁inspire
4220	-11.414355	▁newspaper
4221	-11.414356	▁launch
4222	-11.414359	▁square
4223	-11.414537	▁Today
4224	-11.414579	▁management
4225	-11.414967	▁dig
4226	-11.415045	▁sh
4227	-11.415081	▁engaged
4228	-11.416047	▁improved
4229	-11.416801	▁affecting
4230	-11.417160	▁rep
4231	-11.417640	▁conflict
4232	-11.417668	▁films
4233	-11.417714	▁menu
4234	-11.417809	▁included
4235	-11.418041	▁wo
4236	-11.418165	▁stole
4237	-11.418220	▁according
4238	-11.418405	CH
4239	-11.418557	▁request
4240	-11.418569	▁Italian
4241	-11.418779	field
4242	-11.420107	▁Game
4243	-11.420209	▁tu
4244	-11.420538	▁burned
4245	-11.420609	▁attacked
4246	-11.420663	▁heads
4247	-11.422370	▁spoke
4248	-11.422776	▁concentrate
4249	-11.422776	▁strategy
4250	-11.422779	▁altogether
4251	-11.422812	▁spark
4252	-11.422920	zy
4253	-11.423089	▁Sky
4254	-11.423168	▁resigned
4255	-11.423668	▁Maria
4256	-11.424381	▁mainly
4257	-11.425001	▁destroy
4258	-11.425002	▁climb
4259	-11.425528	▁trail
4260	-11.425695	▁introduce
4261	-11.426101	▁alarm
4262	-11.426741	▁LA
4263	-11.427073	▁disappointment
4264	-11.427124	▁potatoes
4265	-11.427125	▁application
4266	-11.427129	▁ghost
4267	-11.427148	▁museum
4268	-11.427636	▁Mia
4269	-11.427675	▁youngest
4270	-11.428067	▁unable
4271	-11.429041	▁fruits
4272	-11.429181	▁models
4273	-11.429617	gie
4274	-11.430048	▁user
4275	-11.430316	▁hu
4276	-11.430774	▁significant
4277	-11.431269	▁athlete
4278	-11.431271	▁identify
4279	-11.431271	▁tbh
4280	-11.431283	▁discount
4281	-11.431382	▁Music
4282	-11.431485	▁generation
4283	-11.431633	▁Rock
4284	-11.431687	▁ref
4285	-11.432018	▁cha
4286	-11.432569	▁Chi
4287	-11.433146	▁pi
4288	-11.434626	▁confirm
4289	-11.435012	▁creep
4290	-11.435542	▁Speaking
4291	-11.435575	▁affectionate
4292	-11.435606	▁addiction
4293	-11.435782	▁Show
4294	-11.435834	▁compliment
4295	-11.435864	▁stable
4296	-11.436150	???
4297	-11.436255	▁fee
4298	-11.436693	rain
4299	-11.436886	▁visited
4300	-11.436984	▁exams
4301	-11.437798	▁Un
4302	-11.439229	▁magical
4303	-11.439834	▁appropriate
4304	-11.439836	▁Lmao
4305	-11.439848	ann
4306	-11.439899	▁thick
4307	-11.440600	▁proof
4308	-11.442183	nia
4309	-11.442930	star
4310	-11.442942	hhh
4311	-11.443405	▁lover
4312	-11.443650	▁extreme
4313	-11.444008	▁belt
4314	-11.444144	▁choosing
4315	-11.444144	▁disaster
4316	-11.444155	▁surface
4317	-11.444354	▁inner
4318	-11.444438	▁Tony
4319	-11.444537	▁Mad
4320	-11.444669	▁client
4321	-11.445037	▁whose
4322	-11.447556	▁draft
4323	-11.447776	▁standards
4324	-11.448474	▁senior
4325	-11.448474	▁spaghetti
4326	-11.448486	▁disorder
4327	-11.448726	▁trial
4328	-11.449027	▁entertaining
4329	-11.449052	▁session
4330	-11.449290	▁Ari
4331	-11.449565	▁whoever
4332	-11.449883	▁habits
4333	-11.450188	ef
4334	-11.451004	▁raw
4335	-11.451161	▁ages
4336	-11.451519	▁grandparents
4337	-11.452008	▁pic
4338	-11.452355	▁lab
4339	-11.452608	▁chores
4340	-11.452906	▁Kim
4341	-11.452955	ose
4342	-11.453034	▁sunny
4343	-11.453261	▁cried
4344	-11.453349	what
4345	-11.453437	▁abandoned
4346	-11.453515	▁method
4347	-11.453915	▁fitness
4348	-11.453963	▁standard
4349	-11.454527	read
4350	-11.454727	▁applying
4351	-11.455198	nal
4352	-11.455914	▁dislike
4353	-11.456516	rah
4354	-11.456812	ude
4355	-11.457212	▁split
4356	-11.457213	▁giant
4357	-11.457378	▁liar
4358	-11.458416	▁nail
4359	-11.459870	▁computers
4360	-11.460254	▁separate
4361	-11.460450	lum
4362	-11.461182	▁signed
4363	-11.461526	--
4364	-11.461576	▁incident
4365	-11.461577	▁drove
4366	-11.461584	▁exchange
4367	-11.462960	▁hardest
4368	-11.463405	ook
4369	-11.463780	▁pile
4370	-11.463819	▁beating
4371	-11.463960	Well
4372	-11.464277	ib
4373	-11.464488	AL
4374	-11.465954	▁rocks
4375	-11.465980	▁aggravated
4376	-11.466047	▁tad
4377	-11.466082	▁Two
4378	-11.466219	▁occasionally
4379	-11.466294	ale
4380	-11.468409	▁searching
4381	-11.469284	▁fighter
4382	-11.470405	▁bouncy
4383	-11.470405	▁qualities
4384	-11.470406	▁romance
4385	-11.470407	▁television
4386	-11.470408	▁bridge
4387	-11.470413	▁;)
4388	-11.470499	▁Coach
4389	-11.470728	▁PS
4390	-11.470890	▁pat
4391	-11.471493	▁repair
4392	-11.471641	▁sewing
4393	-11.471798	▁recover
4394	-11.472106	▁gig
4395	-11.472249	▁faces
4396	-11.473191	▁wasted
4397	-11.473629	ander
4398	-11.473684	cal
4399	-11.473805	▁cap
4400	-11.473902	▁chi
4401	-11.474828	▁expert
4402	-11.474849	▁Chicago
4403	-11.474849	▁January
4404	-11.474849	▁Kendrick
4405	-11.474849	▁studio
4406	-11.474859	▁transition
4407	-11.474872	▁naked
4408	-11.475022	head
4409	-11.475077	▁blogger
4410	-11.475464	▁bug
4411	-11.475808	▁troll
4412	-11.475809	▁destroyed
4413	-11.476058	▁pitch
4414	-11.476079	▁employee
4415	-11.476624	rg
4416	-11.476839	▁san
4417	-11.477527	▁west
4418	-11.478447	▁ko
4419	-11.479314	▁Blue
4420	-11.479314	▁welcoming
4421	-11.479315	▁typing
4422	-11.479365	▁cleaned
4423	-11.479376	ised
4424	-11.479507	▁RT
4425	-11.479568	▁mode
4426	-11.479697	▁killer
4427	-11.479837	point
4428	-11.480095	▁Mal
4429	-11.480872	▁golf
4430	-11.481699	▁br
4431	-11.481800	▁understands
4432	-11.481872	▁below
4433	-11.482674	▁remove
4434	-11.483799	▁strict
4435	-11.483841	▁require
4436	-11.483843	▁existence
4437	-11.483948	▁cos
4438	-11.484079	▁obsessed
4439	-11.484162	▁counter
4440	-11.484178	▁campus
4441	-11.484441	hand
4442	-11.484526	▁pee
4443	-11.484623	▁temper
4444	-11.484694	ass
4445	-11.485133	▁lips
4446	-11.485546	▁gods
4447	-11.486123	▁Fun
4448	-11.487000	▁daughters
4449	-11.487229	▁former
4450	-11.487570	▁pl
4451	-11.488317	▁therefore
4452	-11.488343	▁display
4453	-11.488368	▁Mc
4454	-11.488427	▁cities
4455	-11.488644	▁ballet
4456	-11.488687	▁fav
4457	-11.488919	house
4458	-11.490021	▁cared
4459	-11.491061	▁messing
4460	-11.491185	▁filling
4461	-11.492832	▁instructions
4462	-11.492833	▁balls
4463	-11.493201	▁thus
4464	-11.493276	thing
4465	-11.493382	▁agent
4466	-11.494119	▁En
4467	-11.494311	▁beef
4468	-11.495179	tte
4469	-11.496493	▁classical
4470	-11.496592	oh
4471	-11.497097	aven
4472	-11.497739	▁awareness
4473	-11.497880	▁grandfather
4474	-11.498257	▁Real
4475	-11.498311	▁Chris
4476	-11.499349	▁sw
4477	-11.500868	nes
4478	-11.501096	▁aunt
4479	-11.501455	▁pulling
4480	-11.501941	▁fabric
4481	-11.501946	▁lecture
4482	-11.501960	▁border
4483	-11.502181	▁labor
4484	-11.502185	▁styles
4485	-11.502344	wan
4486	-11.502638	▁Gr
4487	-11.503692	▁hall
4488	-11.504783	▁tool
4489	-11.505930	▁designed
4490	-11.506526	▁intelligence
4491	-11.506526	▁repressed
4492	-11.506527	▁timid
4493	-11.506527	▁transfer
4494	-11.507778	▁insist
4495	-11.507779	row
4496	-11.507792	▁cra
4497	-11.508507	key
4498	-11.508595	▁Justin
4499	-11.510227	▁musical
4500	-11.510436	▁Tim
4501	-11.510873	▁profession
4502	-11.511055	▁gifts
4503	-11.511134	▁description
4504	-11.511291	▁minor
4505	-11.511766	place
4506	-11.512944	ying
4507	-11.514380	▁encourage
4508	-11.514687	▁appeal
4509	-11.514692	ane
4510	-11.514753	▁al
4511	-11.515751	SS
4512	-11.515774	▁anime
4513	-11.515826	▁sink
4514	-11.516293	▁auto
4515	-11.516325	▁kiddo
4516	-11.516710	▁Mark
4517	-11.518463	▁reminding
4518	-11.519484	▁chip
4519	-11.520096	▁Er
4520	-11.520414	▁destination
4521	-11.520414	▁librarian
4522	-11.520414	▁stood
4523	-11.520478	▁Ye
4524	-11.520896	▁AND
4525	-11.521958	▁expression
4526	-11.522115	life
4527	-11.522393	▁massive
4528	-11.522541	▁beans
4529	-11.523045	▁veggies
4530	-11.523183	ock
4531	-11.523355	▁reward
4532	-11.523693	▁edit
4533	-11.524298	▁messages
4534	-11.524390	▁facts
4535	-11.524670	▁overly
4536	-11.524921	wo
4537	-11.525061	▁flip
4538	-11.525087	▁Spanish
4539	-11.525088	▁silver
4540	-11.525105	▁South
4541	-11.525113	▁Having
4542	-11.525762	▁arrested
4543	-11.525767	▁closet
4544	-11.525955	▁cal
4545	-11.526259	▁bone
4546	-11.526679	▁warmth
4547	-11.527628	▁tense
4548	-11.527710	▁disappoint
4549	-11.527783	▁wishes
4550	-11.527988	iff
4551	-11.528252	▁interact
4552	-11.529555	▁witness
4553	-11.529691	▁zoo
4554	-11.529783	▁surreal
4555	-11.529794	▁Think
4556	-11.529849	▁encouragement
4557	-11.532778	▁reviews
4558	-11.533179	▁wondered
4559	-11.534410	▁critical
4560	-11.534499	▁climate
4561	-11.534499	▁compromise
4562	-11.534567	▁Likewise
4563	-11.534664	▁Cheers
4564	-11.534745	▁blanket
4565	-11.534752	▁insight
4566	-11.534797	▁bleeding
4567	-11.535188	▁strangers
4568	-11.535225	▁factory
4569	-11.535687	▁locked
4570	-11.536558	ou
4571	-11.536950	▁oldest
4572	-11.537301	▁confess
4573	-11.537481	▁tear
4574	-11.537498	▁pure
4575	-11.537659	uri
4576	-11.538075	VE
4577	-11.538584	pr
4578	-11.538646	▁custom
4579	-11.539050	via
4580	-11.539083	▁Ce
4581	-11.539239	▁affair
4582	-11.539239	▁determination
4583	-11.539460	▁Gotta
4584	-11.539643	cher
4585	-11.539773	▁ideal
4586	-11.539810	▁joined
4587	-11.539812	af
4588	-11.539953	▁cow
4589	-11.540333	▁blogs
4590	-11.540343	▁teen
4591	-11.540356	ika
4592	-11.541719	▁kissing
4593	-11.542764	ius
4594	-11.543095	▁Dev
4595	-11.543206	▁hire
4596	-11.543513	ties
4597	-11.543540	▁wins
4598	-11.543849	▁museums
4599	-11.544001	▁Africa
4600	-11.544001	▁professor
4601	-11.544002	▁motorcycle
4602	-11.544305	▁guests
4603	-11.545304	▁promoted
4604	-11.545760	gar
4605	-11.547006	▁dollar
4606	-11.547464	▁influence
4607	-11.547784	▁Dam
4608	-11.548024	▁spin
4609	-11.548346	▁spiritual
4610	-11.548785	▁length
4611	-11.548785	▁philosophy
4612	-11.548786	▁ladies
4613	-11.548791	▁breast
4614	-11.548792	▁nut
4615	-11.549010	▁overnight
4616	-11.549720	\"""
4617	-11.549837	sco
4618	-11.550041	▁informed
4619	-11.550299	▁engineering
4620	-11.550372	▁accepting
4621	-11.550509	▁thrown
4622	-11.550566	▁dresses
4623	-11.552273	▁guarantee
4624	-11.552279	▁promote
4625	-11.553593	▁advertising
4626	-11.553593	▁brilliant
4627	-11.553593	▁costume
4628	-11.553593	▁participate
4629	-11.553602	▁Hot
4630	-11.553727	eo
4631	-11.554343	LL
4632	-11.555005	▁removed
4633	-11.555167	▁Ci
4634	-11.555943	▁affected
4635	-11.556046	▁collecting
4636	-11.556707	▁del
4637	-11.557001	▁wh
4638	-11.557083	▁trap
4639	-11.557952	▁Hang
4640	-11.558424	▁dizzy
4641	-11.558424	▁qualified
4642	-11.558424	▁relevant
4643	-11.558429	▁psychology
4644	-11.558434	▁neglectful
4645	-11.558476	▁noticing
4646	-11.559311	bor
4647	-11.560023	▁flag
4648	-11.560790	▁lil
4649	-11.561137	▁bot
4650	-11.561145	AM
4651	-11.561589	▁cousin
4652	-11.562189	▁adopt
4653	-11.562193	hop
4654	-11.563030	fully
4655	-11.563040	▁bang
4656	-11.563199	▁hop
4657	-11.563278	▁embrace
4658	-11.563278	▁lifesaver
4659	-11.563279	▁Basically
4660	-11.563294	▁morose
4661	-11.563334	▁Brit
4662	-11.563688	▁majority
4663	-11.563833	fer
4664	-11.564164	@
4665	-11.564425	▁Makes
4666	-11.564576	▁kindness
4667	-11.564895	▁screaming
4668	-11.564907	▁laws
4669	-11.564931	▁Tu
4670	-11.565561	▁pretending
4671	-11.566843	▁)
4672	-11.567451	▁seek
4673	-11.567712	▁closely
4674	-11.567916	▁Asia
4675	-11.568156	▁bastard
4676	-11.568158	▁Israel
4677	-11.568245	▁haircut
4678	-11.568394	ches
4679	-11.569070	Thank
4680	-11.569805	▁guessing
4681	-11.570710	non
4682	-11.570718	▁Per
4683	-11.570866	▁crossing
4684	-11.570984	▁moral
4685	-11.571381	▁Doesn
4686	-11.572565	▁absolute
4687	-11.572787	OT
4688	-11.573058	▁cruel
4689	-11.573066	▁yea
4690	-11.573072	▁tension
4691	-11.573085	▁biking
4692	-11.573989	Q
4693	-11.574224	▁Lee
4694	-11.574438	▁lifted
4695	-11.575577	▁packing
4696	-11.575727	▁bones
4697	-11.576040	▁tastes
4698	-11.576130	▁Emily
4699	-11.576511	▁State
4700	-11.576746	▁jumping
4701	-11.576934	▁expand
4702	-11.577581	▁piss
4703	-11.578001	▁tongue
4704	-11.578324	▁winner
4705	-11.578384	▁assaulted
4706	-11.578913	▁mommy
4707	-11.579086	▁continued
4708	-11.579371	▁meaningful
4709	-11.579962	▁pity
4710	-11.580304	▁plays
4711	-11.580560	▁Jen
4712	-11.580977	hr
4713	-11.581450	▁tattoos
4714	-11.581622	▁convince
4715	-11.581648	▁snake
4716	-11.581699	▁Ice
4717	-11.581986	▁Play
4718	-11.582076	▁expressing
4719	-11.582230	▁dump
4720	-11.582789	▁payment
4721	-11.582935	▁Excuse
4722	-11.582935	▁Nguyen
4723	-11.582935	▁platform
4724	-11.582935	▁sensation
4725	-11.582935	▁smiling
4726	-11.582936	▁Believe
4727	-11.582937	▁Facebook
4728	-11.582941	▁jesus
4729	-11.582963	▁gender
4730	-11.582994	▁cookie
4731	-11.583334	▁cozy
4732	-11.583462	dr
4733	-11.583761	▁effectively
4734	-11.584332	▁limited
4735	-11.584456	▁fallen
4736	-11.584950	▁+
4737	-11.585778	▁chips
4738	-11.586325	▁Key
4739	-11.586434	▁occasion
4740	-11.587017	▁shown
4741	-11.587027	▁surroundings
4742	-11.587414	▁essential
4743	-11.587471	▁severe
4744	-11.587895	coming
4745	-11.587910	▁mutual
4746	-11.587932	▁Prince
4747	-11.588138	▁instantly
4748	-11.588184	▁fears
4749	-11.588194	▁plain
4750	-11.588885	ona
4751	-11.589369	▁required
4752	-11.589891	▁hello
4753	-11.590013	arch
4754	-11.592096	▁omg
4755	-11.592472	▁dec
4756	-11.592910	▁festival
4757	-11.594551	▁nu
4758	-11.594946	▁tone
4759	-11.595319	▁discussing
4760	-11.595382	unt
4761	-11.596845	▁sadly
4762	-11.597943	▁genius
4763	-11.598092	boy
4764	-11.598141	▁mask
4765	-11.598406	▁poll
4766	-11.598447	▁fade
4767	-11.598551	▁Mmm
4768	-11.598611	▁photograph
4769	-11.598849	▁Gen
4770	-11.599444	▁tail
4771	-11.599593	rio
4772	-11.599867	ically
4773	-11.601146	▁lyrics
4774	-11.601871	▁tacos
4775	-11.602593	lf
4776	-11.602985	▁context
4777	-11.602985	▁raising
4778	-11.602988	▁status
4779	-11.603013	▁chasing
4780	-11.603018	▁grass
4781	-11.603018	▁worn
4782	-11.603024	▁scale
4783	-11.603083	▁vibe
4784	-11.603302	▁youtube
4785	-11.603338	▁cor
4786	-11.603358	▁prayer
4787	-11.603702	▁socks
4788	-11.603889	bil
4789	-11.604793	▁refer
4790	-11.605644	nnie
4791	-11.605684	▁updated
4792	-11.606750	▁motivate
4793	-11.606904	▁jam
4794	-11.606994	ole
4795	-11.607050	aid
4796	-11.607294	▁fixing
4797	-11.608062	▁Hawaii
4798	-11.608062	▁nauseous
4799	-11.608094	▁authors
4800	-11.608479	▁chess
4801	-11.608773	▁Lots
4802	-11.608788	▁darkness
4803	-11.608957	▁har
4804	-11.608965	▁sum
4805	-11.609173	maybe
4806	-11.609758	▁alternative
4807	-11.610675	▁ki
4808	-11.611177	▁twin
4809	-11.611790	rse
4810	-11.612022	▁regard
4811	-11.613164	▁England
4812	-11.613164	▁applied
4813	-11.613164	▁convenient
4814	-11.613164	▁explode
4815	-11.613164	▁resume
4816	-11.613164	▁twenty
4817	-11.613172	▁trans
4818	-11.613183	▁assistance
4819	-11.613198	▁construction
4820	-11.613241	▁classmates
4821	-11.613355	▁conditions
4822	-11.613408	▁sources
4823	-11.613413	▁define
4824	-11.613827	▁James
4825	-11.614077	▁shade
4826	-11.614091	hol
4827	-11.614145	▁Tea
4828	-11.614690	room
4829	-11.614725	▁fluids
4830	-11.615683	▁teams
4831	-11.616939	▁march
4832	-11.617744	rap
4833	-11.617970	▁cloud
4834	-11.618292	▁economic
4835	-11.618294	▁rescue
4836	-11.618377	▁nuts
4837	-11.618430	▁exhausting
4838	-11.618460	▁refreshed
4839	-11.618992	▁daddy
4840	-11.619404	▁toilet
4841	-11.620030	some
4842	-11.620206	▁sights
4843	-11.620945	▁Doing
4844	-11.620998	anda
4845	-11.621023	▁iPhone
4846	-11.621175	▁Dan
4847	-11.621286	▁served
4848	-11.621431	▁stretch
4849	-11.621748	▁bless
4850	-11.621868	▁involve
4851	-11.621949	▁tooth
4852	-11.622371	▁item
4853	-11.622724	▁realise
4854	-11.622743	▁Bi
4855	-11.623320	▁raining
4856	-11.623436	▁qu
4857	-11.623446	▁apologizing
4858	-11.623446	▁infection
4859	-11.623672	▁Yup
4860	-11.624904	▁spoken
4861	-11.624943	▁earned
4862	-11.625101	▁gained
4863	-11.625514	▁careless
4864	-11.628195	▁prince
4865	-11.628303	▁bla
4866	-11.628402	▁drag
4867	-11.628416	▁guest
4868	-11.628562	▁compassion
4869	-11.628628	▁injuries
4870	-11.628628	▁salary
4871	-11.628768	▁gear
4872	-11.628786	▁depth
4873	-11.628909	▁USA
4874	-11.629160	▁backpack
4875	-11.629329	▁Their
4876	-11.629879	gin
4877	-11.630074	▁label
4878	-11.630616	era
4879	-11.630899	book
4880	-11.632549	▁lap
4881	-11.632619	rb
4882	-11.632800	bar
4883	-11.633837	▁YouTube
4884	-11.633837	▁contain
4885	-11.633838	▁Jason
4886	-11.633838	▁niece
4887	-11.633865	▁Green
4888	-11.633896	▁Better
4889	-11.633985	▁whiney
4890	-11.634080	▁UK
4891	-11.634224	▁phrase
4892	-11.634344	▁aspect
4893	-11.634434	▁voices
4894	-11.634480	▁affordable
4895	-11.634838	▁hook
4896	-11.635176	▁larger
4897	-11.636516	▁March
4898	-11.636683	▁touched
4899	-11.636846	▁direct
4900	-11.637408	▁dread
4901	-11.637443	▁allowing
4902	-11.637489	▁ME
4903	-11.639071	▁THIS
4904	-11.639071	▁indecisive
4905	-11.639073	▁bodies
4906	-11.639075	▁stepped
4907	-11.639244	▁Islam
4908	-11.639310	▁entry
4909	-11.639322	▁--
4910	-11.639400	▁Seeing
4911	-11.640208	▁string
4912	-11.640740	▁fearless
4913	-11.640979	▁^
4914	-11.641017	▁developing
4915	-11.641070	▁heights
4916	-11.641329	▁Add
4917	-11.641752	▁que
4918	-11.641825	▁Surely
4919	-11.644335	▁depressing
4920	-11.644335	▁instinct
4921	-11.644335	▁sunshine
4922	-11.644357	▁Brown
4923	-11.644669	▁recommendation
4924	-11.644692	▁nerd
4925	-11.644715	▁grounded
4926	-11.644762	▁Poor
4927	-11.645132	▁bench
4928	-11.645363	▁Seems
4929	-11.645419	▁Holy
4930	-11.647086	▁GO
4931	-11.647773	▁genres
4932	-11.647958	▁motions
4933	-11.648892	▁Sal
4934	-11.649003	▁weigh
4935	-11.649080	▁drives
4936	-11.649533	ND
4937	-11.649626	▁Greece
4938	-11.649626	▁grief
4939	-11.649626	▁offense
4940	-11.649630	▁protest
4941	-11.649649	▁articles
4942	-11.649684	▁strive
4943	-11.649715	▁porn
4944	-11.649974	▁completed
4945	-11.650014	bby
4946	-11.650241	▁mr
4947	-11.651144	▁belly
4948	-11.651446	▁brighten
4949	-11.651729	▁Michael
4950	-11.652068	atic
4951	-11.652455	top
4952	-11.653202	▁foundation
4953	-11.654129	▁Art
4954	-11.654634	▁electric
4955	-11.654762	▁logic
4956	-11.654945	▁defensive
4957	-11.654954	▁medium
4958	-11.654965	▁device
4959	-11.654972	▁assistant
4960	-11.654996	▁john
4961	-11.655231	▁accounting
4962	-11.656304	What
4963	-11.656473	nite
4964	-11.656515	▁scenes
4965	-11.656587	▁tries
4966	-11.657238	▁values
4967	-11.657331	▁bow
4968	-11.657955	spect
4969	-11.658386	▁sis
4970	-11.658410	▁pal
4971	-11.659799	▁official
4972	-11.660293	▁ignorant
4973	-11.660293	▁nowadays
4974	-11.660333	▁garage
4975	-11.660337	▁structure
4976	-11.660470	▁fence
4977	-11.660752	▁relatively
4978	-11.661791	▁NOT
4979	-11.661987	pen
4980	-11.663437	▁handy
4981	-11.663633	▁beard
4982	-11.663905	▁Wouldn
4983	-11.665040	▁dirt
4984	-11.665493	▁blocks
4985	-11.665669	▁Except
4986	-11.665669	▁fought
4987	-11.665669	▁pursuing
4988	-11.665683	▁zero
4989	-11.665686	▁picnic
4990	-11.665713	▁counselor
4991	-11.665722	▁Jerry
4992	-11.665805	▁grip
4993	-11.665843	▁airport
4994	-11.666088	▁Ow
4995	-11.666129	▁burger
4996	-11.666130	▁pattern
4997	-11.666668	MA
4998	-11.666810	▁hits
4999	-11.667356	▁sticking
5000	-11.667728	▁skiing
5001	-11.668282	iest
5002	-11.668283	▁factor
5003	-11.669044	▁MA
5004	-11.669294	▁NO
5005	-11.669434	ama
5006	-11.669698	▁hahaha
5007	-11.669751	▁mac
5008	-11.670759	▁reports
5009	-11.671075	▁Obama
5010	-11.671075	▁identity
5011	-11.671089	▁Trump
5012	-11.671089	▁gaming
5013	-11.671108	▁stink
5014	-11.671412	▁becomes
5015	-11.672357	▁graphic
5016	-11.672977	▁historical
5017	-11.673118	▁cheering
5018	-11.673533	▁counts
5019	-11.673725	▁Carl
5020	-11.673990	▁Ohio
5021	-11.674973	ely
5022	-11.675562	▁christ
5023	-11.676509	▁cooped
5024	-11.676509	▁imagination
5025	-11.676509	▁literature
5026	-11.676509	▁ordinary
5027	-11.676509	▁wisdom
5028	-11.676522	▁North
5029	-11.676533	▁decade
5030	-11.676556	▁Spain
5031	-11.676615	▁signs
5032	-11.676665	▁coward
5033	-11.676945	shaw
5034	-11.677133	ux
5035	-11.677153	▁boost
5036	-11.677245	▁tire
5037	-11.678041	▁clubs
5038	-11.678537	zo
5039	-11.678631	▁chilling
5040	-11.678696	▁tape
5041	-11.678722	▁jar
5042	-11.679598	▁surely
5043	-11.680579	▁Friends
5044	-11.681028	▁mini
5045	-11.681381	▁gt
5046	-11.681679	▁Van
5047	-11.681952	▁tutor
5048	-11.681973	▁enraged
5049	-11.681973	▁nephew
5050	-11.681973	▁opponent
5051	-11.681973	▁preparing
5052	-11.681982	▁craving
5053	-11.682022	▁slide
5054	-11.682158	▁rob
5055	-11.682189	▁battery
5056	-11.682307	▁fulfilled
5057	-11.682821	▁ru
5058	-11.683089	▁trend
5059	-11.683104	▁america
5060	-11.683111	▁Way
5061	-11.683249	▁disappointing
5062	-11.683318	▁Been
5063	-11.683367	▁stores
5064	-11.683381	▁holy
5065	-11.684130	▁shine
5066	-11.685138	▁cases
5067	-11.685882	ification
5068	-11.687196	ology
5069	-11.687449	▁shorter
5070	-11.687469	▁popcorn
5071	-11.687469	▁stylish
5072	-11.687517	▁House
5073	-11.687707	▁Has
5074	-11.687721	▁bout
5075	-11.688828	tta
5076	-11.689177	▁Ch
5077	-11.690773	▁sets
5078	-11.692476	▁trips
5079	-11.692507	▁breaths
5080	-11.692631	▁sentiment
5081	-11.692993	▁exercising
5082	-11.692993	▁population
5083	-11.692993	▁recharge
5084	-11.692993	▁slipped
5085	-11.692996	▁retail
5086	-11.693078	▁knees
5087	-11.693079	▁thirsty
5088	-11.693121	ville
5089	-11.693170	▁strip
5090	-11.693173	yle
5091	-11.693377	▁tra
5092	-11.693869	▁efficiently
5093	-11.693975	pac
5094	-11.694068	aw
5095	-11.695086	▁exercises
5096	-11.695727	Hey
5097	-11.695787	▁ce
5098	-11.696835	▁Cam
5099	-11.697118	gon
5100	-11.697163	▁workers
5101	-11.697316	▁judged
5102	-11.698030	▁India
5103	-11.698155	▁deny
5104	-11.698161	▁threat
5105	-11.698548	▁nursing
5106	-11.698548	▁rabbit
5107	-11.698548	▁silence
5108	-11.698647	▁trapped
5109	-11.698692	▁fascinated
5110	-11.698755	▁prop
5111	-11.698939	▁typically
5112	-11.699719	▁Wa
5113	-11.699918	▁dragons
5114	-11.700814	▁Must
5115	-11.701254	EE
5116	-11.701577	UN
5117	-11.701811	▁writers
5118	-11.702354	▁net
5119	-11.703191	bed
5120	-11.703214	▁dwell
5121	-11.703243	▁mod
5122	-11.704043	▁predict
5123	-11.704135	▁energized
5124	-11.704136	▁unwind
5125	-11.704149	▁THAT
5126	-11.704261	▁bible
5127	-11.705139	pot
5128	-11.705281	▁lash
5129	-11.705347	▁hy
5130	-11.705368	bie
5131	-11.705792	▁nine
5132	-11.705944	▁tan
5133	-11.706135	▁Pri
5134	-11.707555	▁doors
5135	-11.707845	hel
5136	-11.708504	▁dressing
5137	-11.708525	▁pr
5138	-11.709753	▁meditation
5139	-11.709754	▁hustle
5140	-11.709778	▁slutty
5141	-11.709815	▁bacon
5142	-11.709867	▁tomatoes
5143	-11.709886	▁frequently
5144	-11.710145	▁slice
5145	-11.710422	▁Hahaha
5146	-11.710522	▁Main
5147	-11.710684	▁rip
5148	-11.710850	down
5149	-11.710930	▁nation
5150	-11.711471	▁surfing
5151	-11.712882	CE
5152	-11.713084	GA
5153	-11.713150	ache
5154	-11.713202	rina
5155	-11.714910	▁genuine
5156	-11.715239	▁subjects
5157	-11.715283	▁prices
5158	-11.715422	▁Yum
5159	-11.715425	ici
5160	-11.715437	▁fur
5161	-11.715775	▁journalist
5162	-11.715919	▁addicted
5163	-11.716691	▁knocked
5164	-11.718634	load
5165	-11.719411	▁formal
5166	-11.719459	▁buildings
5167	-11.719681	▁publish
5168	-11.719894	▁flavors
5169	-11.720095	▁strangely
5170	-11.720162	▁exp
5171	-11.721085	▁fatigue
5172	-11.721085	▁importance
5173	-11.721085	▁polite
5174	-11.721086	▁plastic
5175	-11.721087	▁german
5176	-11.721087	▁flies
5177	-11.721135	▁soldier
5178	-11.721168	▁cashier
5179	-11.721185	▁websites
5180	-11.721191	▁retriever
5181	-11.721216	▁Might
5182	-11.722044	▁production
5183	-11.722302	war
5184	-11.722795	▁realised
5185	-11.723025	▁recognized
5186	-11.723127	▁Rick
5187	-11.723290	▁stocks
5188	-11.723622	▁professionally
5189	-11.723685	▁parking
5190	-11.724356	▁skip
5191	-11.725002	▁dreaming
5192	-11.725258	▁records
5193	-11.725286	ization
5194	-11.726066	▁lend
5195	-11.726424	▁tons
5196	-11.726799	▁Football
5197	-11.726799	▁gratitude
5198	-11.726799	▁seafood
5199	-11.726799	▁vehicle
5200	-11.726844	▁estate
5201	-11.726875	▁waitress
5202	-11.726891	▁doc
5203	-11.726903	▁Jack
5204	-11.727069	▁bonus
5205	-11.727098	▁ph
5206	-11.727470	get
5207	-11.727475	▁WE
5208	-11.727522	omi
5209	-11.727703	▁chain
5210	-11.728554	Yeah
5211	-11.728641	▁coin
5212	-11.728816	▁Anna
5213	-11.729567	rrow
5214	-11.730032	▁symbol
5215	-11.730536	▁Cy
5216	-11.732070	vis
5217	-11.732093	▁relative
5218	-11.732438	stop
5219	-11.732547	▁cruise
5220	-11.732548	▁pilot
5221	-11.732552	▁Boston
5222	-11.732569	▁pillow
5223	-11.732591	▁york
5224	-11.732697	▁harsh
5225	-11.732833	▁bound
5226	-11.732887	▁realizing
5227	-11.733503	▁span
5228	-11.733747	▁leak
5229	-11.733871	▁calmly
5230	-11.735799	▁patients
5231	-11.736287	LA
5232	-11.736454	▁ST
5233	-11.736565	OW
5234	-11.737484	▁core
5235	-11.738090	▁mud
5236	-11.738231	▁yell
5237	-11.738327	▁Scott
5238	-11.738327	▁dentist
5239	-11.738327	▁receiving
5240	-11.738328	▁casino
5241	-11.738328	▁steam
5242	-11.738362	▁spinning
5243	-11.738517	▁victory
5244	-11.738534	▁Finally
5245	-11.738976	▁coworker
5246	-11.738997	▁adore
5247	-11.739371	ching
5248	-11.739613	▁expanding
5249	-11.739852	▁Emi
5250	-11.739938	▁hoped
5251	-11.740005	ium
5252	-11.740398	person
5253	-11.740712	run
5254	-11.740974	▁screwing
5255	-11.741047	▁uh
5256	-11.741076	▁explained
5257	-11.741393	▁kicking
5258	-11.742548	▁grad
5259	-11.743444	▁rot
5260	-11.743904	▁Bay
5261	-11.744141	▁conservative
5262	-11.744143	▁emergency
5263	-11.744565	▁disrespectful
5264	-11.744595	▁snacks
5265	-11.744637	▁str
5266	-11.745658	▁payments
5267	-11.746896	▁directions
5268	-11.747722	▁HR
5269	-11.747991	▁insult
5270	-11.748194	▁cigarettes
5271	-11.748409	▁wing
5272	-11.748493	▁Ann
5273	-11.748565	▁tied
5274	-11.748972	▁wander
5275	-11.749074	▁Foo
5276	-11.749433	▁returned
5277	-11.749989	▁acknowledge
5278	-11.749989	▁allergies
5279	-11.749989	▁attached
5280	-11.749989	▁thumb
5281	-11.749989	▁tranquil
5282	-11.749989	▁unemployed
5283	-11.749989	▁vibrant
5284	-11.749990	▁tech
5285	-11.749990	▁December
5286	-11.749999	▁venture
5287	-11.750000	▁neurotic
5288	-11.750082	▁plug
5289	-11.750209	▁lighter
5290	-11.750240	▁Long
5291	-11.750363	▁bothers
5292	-11.750583	eth
5293	-11.750626	▁cops
5294	-11.750978	▁safer
5295	-11.751411	▁serving
5296	-11.751543	▁spelling
5297	-11.751597	▁pros
5298	-11.752031	jah
5299	-11.752417	▁feeding
5300	-11.753035	▁HA
5301	-11.753622	ups
5302	-11.753701	ji
5303	-11.754257	▁Live
5304	-11.754854	▁swings
5305	-11.755387	▁bully
5306	-11.755426	▁handled
5307	-11.755871	▁inhibited
5308	-11.755871	▁leather
5309	-11.755871	▁permission
5310	-11.755871	▁therapeutic
5311	-11.755872	▁visual
5312	-11.755873	▁Potter
5313	-11.755894	▁elementary
5314	-11.755922	▁cafe
5315	-11.756253	▁outlet
5316	-11.756360	▁returning
5317	-11.756487	▁opera
5318	-11.756643	▁:/
5319	-11.756875	▁matches
5320	-11.758319	▁traveled
5321	-11.758434	▁muscle
5322	-11.758436	▁belief
5323	-11.758872	▁wishing
5324	-11.759156	▁endless
5325	-11.759679	▁thankfully
5326	-11.760496	▁relieve
5327	-11.761329	▁achieved
5328	-11.761395	oy
5329	-11.761788	▁superhero
5330	-11.761789	▁voting
5331	-11.761835	▁Funny
5332	-11.761847	▁British
5333	-11.762016	▁classroom
5334	-11.762234	▁Aren
5335	-11.762342	▁consideration
5336	-11.762360	ola
5337	-11.762387	▁interaction
5338	-11.763393	▁Matt
5339	-11.763910	▁spreading
5340	-11.764484	▁Home
5341	-11.764713	▁feature
5342	-11.765048	▁toast
5343	-11.765220	▁gar
5344	-11.766607	▁charges
5345	-11.767130	ida
5346	-11.767185	shed
5347	-11.767230	▁patterns
5348	-11.767462	hole
5349	-11.767638	▁confront
5350	-11.767740	▁April
5351	-11.767740	▁Chinese
5352	-11.767740	▁contributing
5353	-11.767740	▁independence
5354	-11.767740	▁thursday
5355	-11.767740	▁worship
5356	-11.767756	▁brief
5357	-11.767759	▁actress
5358	-11.767818	▁Jackson
5359	-11.768717	▁para
5360	-11.768936	▁Kane
5361	-11.769078	▁rub
5362	-11.769414	▁pained
5363	-11.770183	▁comics
5364	-11.770537	▁rolling
5365	-11.771176	ute
5366	-11.771646	▁Sir
5367	-11.771764	uch
5368	-11.773282	▁theme
5369	-11.773597	▁trails
5370	-11.773637	▁chase
5371	-11.774051	▁Evan
5372	-11.774579	dn
5373	-11.775433	▁photographer
5374	-11.775904	▁wherever
5375	-11.776581	▁fights
5376	-11.777523	▁Bill
5377	-11.777947	▁Val
5378	-11.778162	▁socially
5379	-11.778170	▁distract
5380	-11.778484	▁sim
5381	-11.779199	▁Los
5382	-11.779287	ddy
5383	-11.779740	▁basket
5384	-11.779753	▁terrifying
5385	-11.779758	▁Sweet
5386	-11.779929	▁toxic
5387	-11.779984	▁sail
5388	-11.780032	▁ego
5389	-11.780087	▁intentionally
5390	-11.780260	▁handful
5391	-11.781014	▁Boss
5392	-11.781058	▁heck
5393	-11.782243	▁faced
5394	-11.782495	▁Year
5395	-11.782799	▁examples
5396	-11.783579	▁bat
5397	-11.783747	▁wings
5398	-11.784432	▁BE
5399	-11.784463	▁closest
5400	-11.785012	▁ordered
5401	-11.785431	▁Bad
5402	-11.785662	▁Va
5403	-11.785813	▁cautious
5404	-11.785813	▁comparison
5405	-11.785813	▁giggly
5406	-11.785813	▁landscape
5407	-11.785813	▁providing
5408	-11.785819	▁Girl
5409	-11.785842	▁kitten
5410	-11.785881	▁Unless
5411	-11.785910	▁piling
5412	-11.785976	▁dropping
5413	-11.785983	▁Ryan
5414	-11.786051	▁judgement
5415	-11.786242	▁tro
5416	-11.786276	pol
5417	-11.786653	list
5418	-11.786897	▁presents
5419	-11.788164	know
5420	-11.788644	▁exists
5421	-11.788881	▁arts
5422	-11.789618	dis
5423	-11.789628	▁jumped
5424	-11.790066	▁struggled
5425	-11.791245	▁burnt
5426	-11.791837	▁seeking
5427	-11.791903	▁occur
5428	-11.791911	▁College
5429	-11.791911	▁equipment
5430	-11.791911	▁international
5431	-11.792531	rai
5432	-11.792667	▁director
5433	-11.793094	▁agreement
5434	-11.793396	nc
5435	-11.793489	▁DO
5436	-11.793596	ington
5437	-11.793779	▁fund
5438	-11.794115	ese
5439	-11.795459	▁idiots
5440	-11.797158	▁Rosa
5441	-11.797733	▁generations
5442	-11.797915	▁falls
5443	-11.798046	▁Brother
5444	-11.798046	▁Murray
5445	-11.798046	▁unhealthy
5446	-11.798129	▁Goodnight
5447	-11.798175	▁sunlight
5448	-11.798323	▁Jones
5449	-11.798795	▁candidates
5450	-11.799180	▁ci
5451	-11.799359	▁waited
5452	-11.799396	▁bull
5453	-11.800186	▁Watching
5454	-11.800384	▁Dogs
5455	-11.801649	▁finance
5456	-11.801975	▁log
5457	-11.802397	▁papers
5458	-11.802838	▁iron
5459	-11.803143	▁network
5460	-11.804218	▁defective
5461	-11.804218	▁figuring
5462	-11.804218	▁village
5463	-11.804245	▁banned
5464	-11.804264	▁audition
5465	-11.804551	▁Want
5466	-11.804684	▁June
5467	-11.805105	▁twins
5468	-11.805791	try
5469	-11.805828	▁snakes
5470	-11.805930	▁bc
5471	-11.807666	▁nicely
5472	-11.807691	▁scrap
5473	-11.808599	▁concepts
5474	-11.808602	▁ji
5475	-11.808744	▁gap
5476	-11.808771	▁hadnt
5477	-11.809206	TH
5478	-11.809632	▁twist
5479	-11.809663	▁tap
5480	-11.809678	▁greater
5481	-11.809889	yo
5482	-11.810429	▁implement
5483	-11.810430	▁Halloween
5484	-11.810430	▁reputation
5485	-11.810430	▁scheme
5486	-11.810431	▁Saunders
5487	-11.810476	▁Oct
5488	-11.810477	▁operation
5489	-11.810490	▁priority
5490	-11.810506	▁spice
5491	-11.810959	▁exposed
5492	-11.810961	Man
5493	-11.810992	▁condo
5494	-11.811502	▁fo
5495	-11.811704	▁struggles
5496	-11.812497	▁sweater
5497	-11.812792	▁meetings
5498	-11.812888	▁worthy
5499	-11.814067	▁tricks
5500	-11.816002	pose
5501	-11.816680	▁choir
5502	-11.816680	▁revenge
5503	-11.816688	▁carried
5504	-11.816703	▁rational
5505	-11.816717	▁clip
5506	-11.816776	▁mindset
5507	-11.816920	▁Nico
5508	-11.817417	▁baker
5509	-11.817421	▁dramatic
5510	-11.818817	▁Sat
5511	-11.819009	ala
5512	-11.819028	▁responding
5513	-11.819773	just
5514	-11.819995	We
5515	-11.820761	▁rage
5516	-11.820907	▁Rose
5517	-11.821025	lina
5518	-11.821971	▁methods
5519	-11.822722	▁cakes
5520	-11.822969	▁Apparently
5521	-11.822969	▁karma
5522	-11.823039	▁massage
5523	-11.823133	▁adjustment
5524	-11.823599	▁stolen
5525	-11.823980	▁Idk
5526	-11.824100	▁behave
5527	-11.824361	▁knit
5528	-11.824410	▁pose
5529	-11.824842	ced
5530	-11.825102	▁dev
5531	-11.825196	fr
5532	-11.825396	▁periods
5533	-11.826715	▁pale
5534	-11.826727	alia
5535	-11.826894	▁Sad
5536	-11.828391	▁arrest
5537	-11.828656	▁til
5538	-11.828695	▁wealth
5539	-11.829298	▁unusual
5540	-11.829306	▁username
5541	-11.829323	▁begging
5542	-11.829485	▁preference
5543	-11.829506	▁Rye
5544	-11.829710	▁Such
5545	-11.829724	▁clouds
5546	-11.829884	▁officially
5547	-11.829913	▁Agreed
5548	-11.830362	▁delivery
5549	-11.830729	ntly
5550	-11.831005	▁soap
5551	-11.831341	▁everytime
5552	-11.831988	▁gen
5553	-11.832060	▁secretly
5554	-11.832109	▁crowded
5555	-11.832118	wood
5556	-11.832418	▁pla
5557	-11.832932	▁overdo
5558	-11.832991	▁testing
5559	-11.833126	▁pipe
5560	-11.833401	air
5561	-11.834567	▁Jose
5562	-11.835014	▁blessing
5563	-11.835060	▁curl
5564	-11.835426	even
5565	-11.835659	▁multi
5566	-11.835668	▁Certainly
5567	-11.835668	▁appreciation
5568	-11.835668	▁shrimp
5569	-11.835668	▁strategies
5570	-11.835668	▁upstairs
5571	-11.835668	▁vanilla
5572	-11.835669	▁chemical
5573	-11.835690	▁Everybody
5574	-11.835720	▁spanish
5575	-11.836232	▁admitting
5576	-11.836281	▁tourist
5577	-11.836462	▁continuing
5578	-11.836516	▁Reading
5579	-11.836943	▁rev
5580	-11.837542	She
5581	-11.837701	▁uni
5582	-11.837813	▁wage
5583	-11.838607	Ja
5584	-11.838629	▁crossed
5585	-11.838749	▁egg
5586	-11.838770	▁ham
5587	-11.839293	ied
5588	-11.839468	▁calories
5589	-11.840703	hood
5590	-11.841640	▁Math
5591	-11.842010	▁sy
5592	-11.842077	▁monitor
5593	-11.842078	▁mexican
5594	-11.842078	▁procedure
5595	-11.842078	▁spicy
5596	-11.842089	▁nausea
5597	-11.842092	▁buzz
5598	-11.842326	▁Stone
5599	-11.842353	▁skinny
5600	-11.843382	▁oddly
5601	-11.843432	▁Lin
5602	-11.843455	▁regarding
5603	-11.843821	state
5604	-11.844576	▁images
5605	-11.844764	other
5606	-11.844990	▁poorly
5607	-11.845458	▁lawn
5608	-11.845725	▁frank
5609	-11.845881	▁Q
5610	-11.846451	▁Land
5611	-11.846799	▁roommate
5612	-11.846826	▁folk
5613	-11.846847	▁arguments
5614	-11.847216	▁downvote
5615	-11.847381	▁dates
5616	-11.847572	▁Many
5617	-11.847617	▁abandon
5618	-11.847882	▁conf
5619	-11.848530	▁airplane
5620	-11.848530	▁brutal
5621	-11.848531	▁proceed
5622	-11.848538	▁Jesus
5623	-11.848553	▁hatred
5624	-11.848604	▁Kaitlyn
5625	-11.848617	▁organic
5626	-11.848659	▁grey
5627	-11.849039	▁vile
5628	-11.849282	▁protection
5629	-11.849372	▁poster
5630	-11.849737	▁travelling
5631	-11.849974	▁High
5632	-11.850007	▁wore
5633	-11.850080	▁Ford
5634	-11.850564	ously
5635	-11.851239	▁mor
5636	-11.852142	▁deadlines
5637	-11.852521	▁pages
5638	-11.852859	▁grace
5639	-11.853718	▁dragon
5640	-11.853809	een
5641	-11.853993	▁pills
5642	-11.854247	▁Feel
5643	-11.854447	▁respectful
5644	-11.855023	▁Washington
5645	-11.855023	▁anniversary
5646	-11.855023	▁crisis
5647	-11.855023	▁offensive
5648	-11.855023	▁proposal
5649	-11.855023	▁unacceptable
5650	-11.855025	▁parrot
5651	-11.855080	▁transportation
5652	-11.855119	▁grandpa
5653	-11.855165	▁Perry
5654	-11.855329	▁Lord
5655	-11.855687	▁Abby
5656	-11.855857	▁floating
5657	-11.856349	▁downvoted
5658	-11.856680	oke
5659	-11.857312	▁rank
5660	-11.857318	▁formula
5661	-11.859049	▁aboard
5662	-11.859313	▁odds
5663	-11.859460	▁rushing
5664	-11.859700	cker
5665	-11.860904	ked
5666	-11.860909	lb
5667	-11.861559	▁Madrid
5668	-11.861559	▁achieving
5669	-11.861559	▁drank
5670	-11.861559	▁exclusive
5671	-11.861559	▁gracious
5672	-11.861559	▁halloween
5673	-11.861564	▁tasty
5674	-11.861583	▁Weird
5675	-11.861590	▁Lucky
5676	-11.861611	▁prospect
5677	-11.862287	▁distraction
5678	-11.862493	ase
5679	-11.862578	▁desperately
5680	-11.862856	▁environmental
5681	-11.863969	made
5682	-11.864228	▁port
5683	-11.866338	▁drums
5684	-11.866356	▁fer
5685	-11.866688	▁admired
5686	-11.866822	▁sam
5687	-11.866983	▁exception
5688	-11.866992	▁Woo
5689	-11.867870	▁corn
5690	-11.867871	▁unlike
5691	-11.867988	▁Son
5692	-11.868099	pper
5693	-11.868138	▁Amazing
5694	-11.868138	▁Twitter
5695	-11.868138	▁diagnosed
5696	-11.868138	▁virgin
5697	-11.868141	▁tackle
5698	-11.868155	▁bustle
5699	-11.868186	▁punishment
5700	-11.868534	▁Lady
5701	-11.868830	▁diving
5702	-11.869292	▁fitting
5703	-11.870480	▁vast
5704	-11.870598	new
5705	-11.872073	this
5706	-11.873840	bell
5707	-11.873855	▁defeat
5708	-11.873925	▁stamp
5709	-11.874647	▁Talk
5710	-11.874761	▁cuddle
5711	-11.874761	▁protein
5712	-11.874761	▁tuesday
5713	-11.874768	▁instance
5714	-11.874769	▁skirt
5715	-11.874825	▁shaking
5716	-11.874826	▁skate
5717	-11.874943	▁semi
5718	-11.875080	une
5719	-11.875266	▁overweight
5720	-11.875270	▁frankly
5721	-11.875360	▁signing
5722	-11.876748	▁trucks
5723	-11.877289	▁replaced
5724	-11.877447	▁Up
5725	-11.878223	▁secrets
5726	-11.878671	▁perk
5727	-11.879434	▁thrones
5728	-11.880040	ony
5729	-11.880545	▁sec
5730	-11.881291	▁sleepy
5731	-11.881427	▁definition
5732	-11.881427	▁horribly
5733	-11.881428	▁sketch
5734	-11.881434	▁fridge
5735	-11.881534	▁remark
5736	-11.881615	▁Without
5737	-11.881805	▁duck
5738	-11.883125	▁attacks
5739	-11.883265	▁billion
5740	-11.884102	▁suggesting
5741	-11.884247	▁blowing
5742	-11.884991	▁Jean
5743	-11.885416	▁es
5744	-11.885873	▁ALL
5745	-11.886322	▁depend
5746	-11.886560	NE
5747	-11.887639	▁excuses
5748	-11.887712	oid
5749	-11.888139	▁miracle
5750	-11.888139	▁navy
5751	-11.888139	▁pancakes
5752	-11.888139	▁unknown
5753	-11.888140	▁desert
5754	-11.888143	▁chinese
5755	-11.888143	▁stairs
5756	-11.888174	▁virus
5757	-11.888183	▁accent
5758	-11.888190	▁entertainment
5759	-11.888202	▁tiger
5760	-11.888255	▁agency
5761	-11.888309	▁East
5762	-11.888624	▁Thor
5763	-11.888824	▁Boy
5764	-11.888839	aa
5765	-11.889980	▁instruments
5766	-11.890897	#
5767	-11.891068	▁relaxation
5768	-11.891137	rav
5769	-11.891425	▁seats
5770	-11.891556	▁prob
5771	-11.892161	▁layer
5772	-11.892745	▁TH
5773	-11.893510	▁advance
5774	-11.893739	▁pound
5775	-11.893748	SU
5776	-11.894182	▁nerve
5777	-11.894348	▁shoe
5778	-11.894410	▁hype
5779	-11.894642	fire
5780	-11.894895	▁poison
5781	-11.894896	▁Eagles
5782	-11.894896	▁hurricane
5783	-11.894896	▁invisible
5784	-11.894896	▁liberal
5785	-11.894900	▁adapt
5786	-11.894901	▁Youtube
5787	-11.894970	▁cooler
5788	-11.894972	▁fortune
5789	-11.895011	▁kit
5790	-11.895385	▁sandwiches
5791	-11.895910	▁imagined
5792	-11.896091	▁smartest
5793	-11.896246	town
5794	-11.896281	▁angle
5795	-11.897694	▁grind
5796	-11.897750	ati
5797	-11.898129	▁thrill
5798	-11.898873	CA
5799	-11.899429	wing
5800	-11.900378	▁approve
5801	-11.900727	▁solo
5802	-11.900791	▁spill
5803	-11.901270	▁Nov
5804	-11.901698	▁congrats
5805	-11.901698	▁kindergarten
5806	-11.901700	▁celebrating
5807	-11.901700	▁resort
5808	-11.901708	▁internship
5809	-11.901725	▁ensure
5810	-11.901741	▁bucket
5811	-11.901829	▁Shawn
5812	-11.902384	▁wealthy
5813	-11.902809	▁Christian
5814	-11.904667	▁fate
5815	-11.904964	So
5816	-11.906192	▁wipe
5817	-11.906426	▁angered
5818	-11.908063	▁technique
5819	-11.908282	▁spots
5820	-11.908547	▁Charlie
5821	-11.908547	▁Michigan
5822	-11.908547	▁Neither
5823	-11.908547	▁principle
5824	-11.908547	▁unnecessary
5825	-11.908551	▁Guy
5826	-11.908553	▁fraction
5827	-11.908575	▁dunno
5828	-11.908586	▁fetch
5829	-11.908747	▁Lamar
5830	-11.908838	▁rant
5831	-11.909171	▁Back
5832	-11.909286	▁Cris
5833	-11.909344	▁childish
5834	-11.909617	▁Ireland
5835	-11.914374	▁pics
5836	-11.914830	arian
5837	-11.915443	▁Before
5838	-11.915443	▁Guess
5839	-11.915443	▁ambitious
5840	-11.915443	▁concussion
5841	-11.915444	▁Dallas
5842	-11.915446	▁scholarship
5843	-11.915453	▁stroke
5844	-11.915481	ware
5845	-11.915487	▁robot
5846	-11.915530	▁banana
5847	-11.915926	▁MY
5848	-11.916055	▁smarter
5849	-11.916517	▁gathering
5850	-11.917336	▁crashing
5851	-11.917410	▁rooting
5852	-11.917998	▁PM
5853	-11.918352	power
5854	-11.918464	▁taller
5855	-11.919126	nti
5856	-11.919509	▁bloody
5857	-11.920297	▁ruining
5858	-11.920494	CK
5859	-11.922388	▁academic
5860	-11.922400	▁Change
5861	-11.922491	▁ought
5862	-11.922502	▁Jax
5863	-11.922885	▁tele
5864	-11.922942	▁Sadly
5865	-11.923312	lock
5866	-11.925434	▁kissed
5867	-11.925820	▁Far
5868	-11.925927	▁limits
5869	-11.926546	▁perfection
5870	-11.926991	▁iphone
5871	-11.927262	▁requires
5872	-11.927675	▁repairs
5873	-11.927987	▁trained
5874	-11.928301	▁touching
5875	-11.928343	▁shout
5876	-11.929381	▁jersey
5877	-11.929381	▁profile
5878	-11.929381	▁tournament
5879	-11.929381	▁unwanted
5880	-11.929382	▁carrots
5881	-11.929434	▁btw
5882	-11.929738	▁fuel
5883	-11.929787	▁Christians
5884	-11.932534	ford
5885	-11.933663	▁cab
5886	-11.934211	▁che
5887	-11.934298	Oh
5888	-11.934411	▁gather
5889	-11.934714	▁Angel
5890	-11.935110	▁resolve
5891	-11.935130	▁potentially
5892	-11.935526	US
5893	-11.936171	▁placed
5894	-11.936417	▁convert
5895	-11.936423	▁Muslims
5896	-11.936423	▁captain
5897	-11.936423	▁chaotic
5898	-11.936423	▁communicating
5899	-11.936423	▁london
5900	-11.936423	▁mature
5901	-11.936426	▁Promise
5902	-11.936447	▁blend
5903	-11.936499	▁Carmen
5904	-11.936604	▁Catcher
5905	-11.936657	▁weakness
5906	-11.936965	▁typical
5907	-11.937012	▁Open
5908	-11.937091	▁fried
5909	-11.937327	cor
5910	-11.937610	▁sheet
5911	-11.938092	▁appealing
5912	-11.939265	very
5913	-11.939477	▁Brady
5914	-11.940348	▁assignments
5915	-11.940561	▁pu
5916	-11.940759	▁episodes
5917	-11.940828	▁supported
5918	-11.941131	▁individuals
5919	-11.941195	▁MO
5920	-11.942904	▁Adel
5921	-11.943096	▁Russia
5922	-11.943339	▁voted
5923	-11.943516	▁Kanye
5924	-11.943516	▁despair
5925	-11.943516	▁recycling
5926	-11.943517	▁kingdom
5927	-11.943517	▁shelves
5928	-11.943735	▁gang
5929	-11.943824	▁throws
5930	-11.944128	▁Looking
5931	-11.944334	▁ppl
5932	-11.944445	ggy
5933	-11.944530	▁forgiveness
5934	-11.944798	▁Jess
5935	-11.944901	▁punk
5936	-11.944994	▁Over
5937	-11.945277	▁dreamed
5938	-11.945405	▁nightmares
5939	-11.945442	▁perspectives
5940	-11.945894	▁suggested
5941	-11.946019	ene
5942	-11.946089	izz
5943	-11.947089	eal
5944	-11.947242	▁socialize
5945	-11.947917	ini
5946	-11.947989	▁qui
5947	-11.948539	▁Steve
5948	-11.948820	▁bugs
5949	-11.949468	acy
5950	-11.950429	▁branch
5951	-11.950659	▁Blood
5952	-11.950659	▁wednesday
5953	-11.950660	▁Tower
5954	-11.950662	▁gossip
5955	-11.950676	▁biology
5956	-11.950705	▁legend
5957	-11.951038	▁thousand
5958	-11.951462	▁download
5959	-11.952204	▁alarmed
5960	-11.952291	▁entered
5961	-11.952359	▁Amy
5962	-11.952702	▁lungs
5963	-11.952848	▁suits
5964	-11.953032	▁stuffed
5965	-11.953629	▁flowing
5966	-11.953885	▁laying
5967	-11.954112	▁masters
5968	-11.955548	cat
5969	-11.956452	▁starters
5970	-11.956470	▁announce
5971	-11.957685	care
5972	-11.957711	▁pepper
5973	-11.957782	▁chick
5974	-11.957852	▁deposit
5975	-11.957852	▁dismayed
5976	-11.957852	▁exhilarating
5977	-11.957852	▁podcast
5978	-11.957852	▁resolution
5979	-11.957852	▁scenario
5980	-11.957852	▁whilst
5981	-11.957853	▁Family
5982	-11.957862	▁slope
5983	-11.957875	▁texture
5984	-11.957900	▁Kill
5985	-11.957929	used
5986	-11.957932	▁Nick
5987	-11.957936	▁knitting
5988	-11.958044	▁Dustin
5989	-11.958075	▁tick
5990	-11.958410	▁solar
5991	-11.959308	▁Top
5992	-11.959331	▁upsetting
5993	-11.959409	▁lane
5994	-11.959838	▁sweating
5995	-11.959985	▁ob
5996	-11.960500	▁existed
5997	-11.960744	▁Dec
5998	-11.960952	▁roller
5999	-11.960957	▁flame
6000	-11.961295	▁dip
6001	-11.962121	aving
6002	-11.962693	▁Comp
6003	-11.963509	▁aid
6004	-11.963655	▁charged
6005	-11.964188	▁roast
6006	-11.964273	ku
6007	-11.965099	▁Pizza
6008	-11.965099	▁appetite
6009	-11.965099	▁enthusiasm
6010	-11.965099	▁qualifications
6011	-11.965117	▁hammer
6012	-11.965117	▁dozen
6013	-11.965187	▁wrist
6014	-11.965339	▁coverage
6015	-11.965776	▁citizen
6016	-11.966073	itch
6017	-11.966261	▁praise
6018	-11.966750	▁bun
6019	-11.966960	▁idk
6020	-11.967628	▁coping
6021	-11.967793	▁Book
6022	-11.967862	▁flo
6023	-11.968792	▁farmer
6024	-11.968906	PA
6025	-11.970104	▁warn
6026	-11.970839	▁lit
6027	-11.971152	▁owned
6028	-11.971193	zer
6029	-11.971493	▁encounter
6030	-11.971874	▁gum
6031	-11.972399	▁NFL
6032	-11.972399	▁commute
6033	-11.972399	▁enemy
6034	-11.972399	▁peanut
6035	-11.972399	▁unsuccessful
6036	-11.972401	▁blew
6037	-11.972404	▁silent
6038	-11.972689	▁luckily
6039	-11.972691	▁burst
6040	-11.972792	▁OF
6041	-11.973195	free
6042	-11.973266	aria
6043	-11.973394	▁demon
6044	-11.973574	▁shelf
6045	-11.974010	▁Luc
6046	-11.974401	▁handed
6047	-11.975559	▁awe
6048	-11.975916	box
6049	-11.975977	▁hikes
6050	-11.977452	▁covers
6051	-11.977755	▁reveal
6052	-11.978990	▁pointing
6053	-11.979551	▁ghosts
6054	-11.979716	▁Disney
6055	-11.979752	▁Taylor
6056	-11.979752	▁circus
6057	-11.979752	▁happily
6058	-11.979752	▁radiant
6059	-11.979752	▁skating
6060	-11.979780	▁convey
6061	-11.979802	▁programming
6062	-11.979818	▁instructor
6063	-11.979823	▁spray
6064	-11.979824	▁wire
6065	-11.979827	▁haunt
6066	-11.980199	▁elected
6067	-11.980717	▁Josh
6068	-11.981334	▁appears
6069	-11.981368	▁solving
6070	-11.982097	hahaha
6071	-11.982103	▁sites
6072	-11.983379	▁den
6073	-11.983967	put
6074	-11.984018	ori
6075	-11.984109	▁gate
6076	-11.984127	atch
6077	-11.984724	▁dar
6078	-11.985774	▁covering
6079	-11.985839	▁discipline
6080	-11.985846	▁privilege
6081	-11.985947	own
6082	-11.986108	▁HE
6083	-11.986254	▁grill
6084	-11.986642	oli
6085	-11.987151	▁japan
6086	-11.987159	▁OMG
6087	-11.987159	▁athletic
6088	-11.987159	▁bounce
6089	-11.987159	▁bubble
6090	-11.987159	▁loneliness
6091	-11.987159	▁organizing
6092	-11.987159	▁unreasonable
6093	-11.987163	▁scrub
6094	-11.987176	▁championship
6095	-11.987249	▁greet
6096	-11.987279	▁Person
6097	-11.987329	ttle
6098	-11.987420	▁moron
6099	-11.987592	▁increasingly
6100	-11.987596	▁rape
6101	-11.988007	▁associated
6102	-11.988412	▁thru
6103	-11.988428	▁relation
6104	-11.988905	▁outlook
6105	-11.989660	▁lifting
6106	-11.992051	▁offend
6107	-11.992998	▁pill
6108	-11.993112	▁gal
6109	-11.994618	▁script
6110	-11.994621	▁behaviour
6111	-11.994621	▁browsing
6112	-11.994621	▁thanksgiving
6113	-11.994642	▁monkey
6114	-11.994663	▁quilt
6115	-11.994935	▁justify
6116	-11.995153	cap
6117	-11.995706	▁Lil
6118	-11.997557	▁trailer
6119	-11.998543	▁Made
6120	-12.000033	Yes
6121	-12.000054	post
6122	-12.001558	▁trainer
6123	-12.001808	▁Kind
6124	-12.002096	▁slave
6125	-12.002099	▁Wars
6126	-12.002140	▁compatible
6127	-12.002140	▁policies
6128	-12.002140	▁possession
6129	-12.002140	▁ripped
6130	-12.002140	▁vintage
6131	-12.002140	▁vitamin
6132	-12.002145	▁Sheeran
6133	-12.002281	▁remembering
6134	-12.002390	▁Nicki
6135	-12.002630	▁cave
6136	-12.002756	▁painted
6137	-12.003182	▁stain
6138	-12.003952	▁prayers
6139	-12.004238	▁highlights
6140	-12.004280	▁roommates
6141	-12.004501	Co
6142	-12.004918	▁yr
6143	-12.005049	ough
6144	-12.005425	▁suffered
6145	-12.005917	▁Need
6146	-12.007461	▁cy
6147	-12.007765	▁Though
6148	-12.007916	▁Cu
6149	-12.007996	big
6150	-12.008335	▁engage
6151	-12.008946	gger
6152	-12.009065	▁headaches
6153	-12.009227	▁Bet
6154	-12.009581	▁Lake
6155	-12.009716	▁diamond
6156	-12.009716	▁grandchildren
6157	-12.009716	▁primary
6158	-12.009736	▁closing
6159	-12.009737	▁clinic
6160	-12.009743	▁spiteful
6161	-12.009749	▁crew
6162	-12.009778	▁grabbed
6163	-12.009839	▁donation
6164	-12.009854	▁weekly
6165	-12.009865	▁Kids
6166	-12.009963	▁Angeles
6167	-12.010176	▁mildly
6168	-12.010641	▁wreck
6169	-12.010943	▁guessed
6170	-12.011834	▁pri
6171	-12.011906	▁scares
6172	-12.012148	▁critic
6173	-12.012177	▁poop
6174	-12.012668	▁beaches
6175	-12.013053	▁existing
6176	-12.013938	gro
6177	-12.014386	▁dash
6178	-12.015151	▁developer
6179	-12.015827	udge
6180	-12.016032	▁delete
6181	-12.016436	gr
6182	-12.016859	▁Elli
6183	-12.017349	▁nonsense
6184	-12.017350	▁Church
6185	-12.017350	▁Summer
6186	-12.017351	▁grasp
6187	-12.017406	▁command
6188	-12.017522	▁fold
6189	-12.017607	▁located
6190	-12.017651	▁salesman
6191	-12.017669	▁Find
6192	-12.017886	▁Ava
6193	-12.018459	▁exit
6194	-12.018762	▁stamps
6195	-12.018818	▁elements
6196	-12.018926	▁fullest
6197	-12.019455	▁mobile
6198	-12.019601	hur
6199	-12.019910	▁lighten
6200	-12.021899	acti
6201	-12.022241	▁risky
6202	-12.023341	hoo
6203	-12.024011	SE
6204	-12.024123	▁register
6205	-12.024546	▁surprising
6206	-12.024961	gle
6207	-12.025042	▁Bieber
6208	-12.025042	▁Georgia
6209	-12.025042	▁assuming
6210	-12.025042	▁umbrella
6211	-12.025049	▁japanese
6212	-12.025049	▁midnight
6213	-12.025079	▁species
6214	-12.025086	▁criticism
6215	-12.025086	▁referring
6216	-12.025100	▁chaos
6217	-12.025112	▁Niall
6218	-12.025180	▁submit
6219	-12.025201	▁rejection
6220	-12.025214	▁Shut
6221	-12.025569	▁scam
6222	-12.026170	▁Eid
6223	-12.026514	hug
6224	-12.026836	▁Luci
6225	-12.026911	▁rumors
6226	-12.027312	▁alien
6227	-12.027737	▁cousins
6228	-12.028077	▁yu
6229	-12.028137	▁Hard
6230	-12.028236	▁survived
6231	-12.029885	ima
6232	-12.030328	sign
6233	-12.030795	▁warmer
6234	-12.031490	▁organize
6235	-12.031720	▁reject
6236	-12.031934	long
6237	-12.032364	▁monthly
6238	-12.032793	▁crochet
6239	-12.032794	▁envy
6240	-12.032794	▁rainbow
6241	-12.032794	▁sympathy
6242	-12.032795	▁sculpture
6243	-12.032796	▁Vegas
6244	-12.032796	▁cereal
6245	-12.032803	▁extent
6246	-12.032850	▁Fighters
6247	-12.032912	▁native
6248	-12.032925	▁brew
6249	-12.032957	▁scent
6250	-12.033134	▁hint
6251	-12.033145	▁Wonderful
6252	-12.033349	▁broad
6253	-12.033463	▁chillin
6254	-12.033690	ero
6255	-12.033827	▁boxes
6256	-12.034317	▁Seth
6257	-12.034352	▁pup
6258	-12.034402	▁weighing
6259	-12.034695	▁tricky
6260	-12.034769	▁drivers
6261	-12.035819	xx
6262	-12.037328	▁Sen
6263	-12.037761	▁additional
6264	-12.038313	chan
6265	-12.038905	▁comforting
6266	-12.039232	ME
6267	-12.039255	▁Grand
6268	-12.039290	sure
6269	-12.039435	▁RE
6270	-12.039794	▁answering
6271	-12.040568	▁balanced
6272	-12.040606	▁Follow
6273	-12.040606	▁cuisine
6274	-12.040606	▁entitled
6275	-12.040606	▁refund
6276	-12.040606	▁steady
6277	-12.040606	▁whisper
6278	-12.040661	▁cancelled
6279	-12.040680	▁leadership
6280	-12.040686	▁shark
6281	-12.040694	▁healthcare
6282	-12.040720	▁freelance
6283	-12.040767	PE
6284	-12.040870	▁cabin
6285	-12.040940	▁leap
6286	-12.041118	ada
6287	-12.041292	▁hometown
6288	-12.041326	more
6289	-12.042059	▁agreeing
6290	-12.042351	minded
6291	-12.042448	cape
6292	-12.042486	▁loop
6293	-12.042501	▁hassle
6294	-12.042865	▁claims
6295	-12.043220	▁era
6296	-12.043221	▁motion
6297	-12.043282	▁treasured
6298	-12.043882	▁woo
6299	-12.045007	▁challenged
6300	-12.045260	front
6301	-12.046199	print
6302	-12.046767	▁Ani
6303	-12.046968	▁attract
6304	-12.047143	dio
6305	-12.047888	▁eh
6306	-12.048399	▁blur
6307	-12.048480	▁supply
6308	-12.048496	▁shore
6309	-12.048497	▁faint
6310	-12.048549	▁Emma
6311	-12.048564	▁champion
6312	-12.048604	▁disney
6313	-12.048686	▁basement
6314	-12.048687	▁rope
6315	-12.048955	▁portion
6316	-12.049014	▁elsewhere
6317	-12.049020	▁attraction
6318	-12.049170	▁heels
6319	-12.049555	▁legit
6320	-12.049573	▁bakery
6321	-12.049591	▁SE
6322	-12.049594	▁Han
6323	-12.049894	▁sue
6324	-12.050401	▁passes
6325	-12.050925	▁cock
6326	-12.050969	▁blessings
6327	-12.051091	▁der
6328	-12.052007	▁internal
6329	-12.052078	▁ny
6330	-12.052161	▁max
6331	-12.052787	▁q
6332	-12.053135	▁decorate
6333	-12.053480	▁difficulty
6334	-12.053872	▁canada
6335	-12.054315	▁towel
6336	-12.054401	▁interrupt
6337	-12.055230	fish
6338	-12.056210	▁applications
6339	-12.056417	▁Perhaps
6340	-12.056417	▁corrupt
6341	-12.056417	▁distinct
6342	-12.056417	▁savage
6343	-12.056417	▁temporary
6344	-12.056417	▁flesh
6345	-12.056435	▁Zayn
6346	-12.056537	▁deaf
6347	-12.056610	▁employed
6348	-12.056727	▁shortly
6349	-12.056842	fuck
6350	-12.057013	▁Prime
6351	-12.057158	▁Dead
6352	-12.057214	ante
6353	-12.057501	▁bears
6354	-12.058201	▁bass
6355	-12.058546	▁freeing
6356	-12.059016	▁Plan
6357	-12.059233	▁weapon
6358	-12.060490	But
6359	-12.060974	▁Katy
6360	-12.061234	▁pad
6361	-12.062019	stress
6362	-12.063190	▁deer
6363	-12.063410	▁leaders
6364	-12.063556	▁cough
6365	-12.063922	▁practical
6366	-12.063992	▁thousands
6367	-12.064399	▁companion
6368	-12.064417	▁flattered
6369	-12.064417	▁gesture
6370	-12.064417	▁investigate
6371	-12.064417	▁minimum
6372	-12.064417	▁misunderstood
6373	-12.064417	▁zombie
6374	-12.064426	▁grammar
6375	-12.064433	▁region
6376	-12.064515	▁strain
6377	-12.064596	▁Light
6378	-12.065096	▁accused
6379	-12.065326	▁humanity
6380	-12.065916	▁Much
6381	-12.066219	▁outsider
6382	-12.066498	▁affects
6383	-12.066766	▁Fla
6384	-12.066823	▁Remind
6385	-12.067666	▁deck
6386	-12.067821	kayla
6387	-12.068354	view
6388	-12.068884	▁Op
6389	-12.069021	▁si
6390	-12.069487	▁hence
6391	-12.070140	▁mock
6392	-12.070306	▁aliens
6393	-12.071158	▁bruise
6394	-12.071489	▁Ron
6395	-12.071605	je
6396	-12.072017	▁consistent
6397	-12.072481	▁Rousey
6398	-12.072481	▁celebration
6399	-12.072481	▁despise
6400	-12.072481	▁racism
6401	-12.072486	▁flexible
6402	-12.072487	▁Seattle
6403	-12.072493	▁sleeve
6404	-12.072509	▁Drink
6405	-12.072529	▁lightheaded
6406	-12.072556	▁tiring
6407	-12.072556	▁darling
6408	-12.072561	▁highschool
6409	-12.072780	▁adoption
6410	-12.073074	cut
6411	-12.073078	▁fave
6412	-12.073151	▁employer
6413	-12.074916	▁Leave
6414	-12.074935	rating
6415	-12.076044	▁hugs
6416	-12.076626	ening
6417	-12.077413	▁hating
6418	-12.077525	oi
6419	-12.078333	pic
6420	-12.079100	▁disrespect
6421	-12.079242	▁ge
6422	-12.079344	▁teenage
6423	-12.079509	ei
6424	-12.079558	▁filming
6425	-12.079709	zing
6426	-12.080028	▁bucks
6427	-12.080278	▁brat
6428	-12.080611	▁Alabama
6429	-12.080611	▁cupcake
6430	-12.080611	▁gambling
6431	-12.080611	▁netflix
6432	-12.080611	▁veterinarian
6433	-12.080621	▁reckless
6434	-12.080627	▁While
6435	-12.080638	▁timing
6436	-12.080672	▁karate
6437	-12.080979	▁hmm
6438	-12.081277	aaa
6439	-12.081469	▁Bring
6440	-12.081522	▁Post
6441	-12.081746	▁sexually
6442	-12.082016	▁deleted
6443	-12.082088	▁successfully
6444	-12.082365	▁combat
6445	-12.082970	▁workload
6446	-12.084235	cious
6447	-12.085408	▁mild
6448	-12.085488	▁Brian
6449	-12.085913	▁Working
6450	-12.086822	▁listener
6451	-12.087110	▁Lila
6452	-12.087188	▁bur
6453	-12.087502	▁Par
6454	-12.087711	▁sessions
6455	-12.088475	▁Bull
6456	-12.088808	▁Rollins
6457	-12.088808	▁florida
6458	-12.088808	▁intimate
6459	-12.088808	▁luxury
6460	-12.088816	▁buried
6461	-12.088820	▁col
6462	-12.088829	▁pumpkin
6463	-12.088899	live
6464	-12.088938	▁empathy
6465	-12.088960	▁flood
6466	-12.089001	▁penny
6467	-12.089131	▁slim
6468	-12.089609	▁carb
6469	-12.089736	▁glove
6470	-12.090038	▁Read
6471	-12.090352	▁bullying
6472	-12.090607	▁prime
6473	-12.090938	▁acted
6474	-12.091290	▁disliked
6475	-12.092183	▁Zac
6476	-12.092586	▁playoffs
6477	-12.092608	▁washed
6478	-12.092881	▁deadline
6479	-12.093075	▁increased
6480	-12.093079	>
6481	-12.093228	▁bu
6482	-12.095304	▁pens
6483	-12.095691	▁connecting
6484	-12.096107	▁Haven
6485	-12.096433	▁organizations
6486	-12.096819	▁interpret
6487	-12.097073	▁investigating
6488	-12.097073	▁turkey
6489	-12.097085	▁indoor
6490	-12.097091	Ch
6491	-12.097142	▁Honey
6492	-12.097148	▁bald
6493	-12.097155	▁Grandma
6494	-12.097168	▁Coming
6495	-12.097208	▁Put
6496	-12.097321	▁moist
6497	-12.097535	▁bait
6498	-12.097594	▁Germany
6499	-12.098386	▁stack
6500	-12.098387	lice
6501	-12.098857	oon
6502	-12.100049	▁sting
6503	-12.100745	▁simpler
6504	-12.101311	▁Tru
6505	-12.101423	sexual
6506	-12.101730	▁recording
6507	-12.104607	▁citizens
6508	-12.104777	▁Men
6509	-12.105406	▁Gifford
6510	-12.105406	▁confusion
6511	-12.105406	▁obligation
6512	-12.105406	▁survivor
6513	-12.105407	▁indulge
6514	-12.105431	▁Overall
6515	-12.105435	▁digital
6516	-12.105494	▁buff
6517	-12.105605	pack
6518	-12.105718	▁rested
6519	-12.105814	▁Taking
6520	-12.105900	▁Russian
6521	-12.106263	▁Rob
6522	-12.106467	▁Ami
6523	-12.106923	cted
6524	-12.107595	▁strongest
6525	-12.107784	year
6526	-12.108500	▁sucked
6527	-12.108508	▁Deal
6528	-12.109069	▁captured
6529	-12.109774	▁progressing
6530	-12.109896	▁victims
6531	-12.110067	▁Lay
6532	-12.110188	▁actors
6533	-12.110664	▁scored
6534	-12.110768	raw
6535	-12.111834	▁gene
6536	-12.112269	onte
6537	-12.112711	▁vomit
6538	-12.113207	▁cramp
6539	-12.113317	▁initial
6540	-12.113375	▁ARE
6541	-12.113810	▁Beautiful
6542	-12.113810	▁ambulance
6543	-12.113810	▁clarify
6544	-12.113810	▁cushion
6545	-12.113810	▁petrified
6546	-12.113810	▁wimpy
6547	-12.113811	▁architecture
6548	-12.113817	▁boundaries
6549	-12.113942	▁Fu
6550	-12.113993	▁sorrowful
6551	-12.114120	▁subway
6552	-12.114136	▁wan
6553	-12.114159	▁Bible
6554	-12.114233	▁Adam
6555	-12.114351	▁stew
6556	-12.114409	▁humorous
6557	-12.114432	▁admitted
6558	-12.115284	▁slap
6559	-12.115383	▁cage
6560	-12.116252	▁wished
6561	-12.116328	▁Dark
6562	-12.116439	▁brighter
6563	-12.116589	▁bye
6564	-12.116594	▁bob
6565	-12.116961	▁lib
6566	-12.118626	▁rainy
6567	-12.118893	▁beside
6568	-12.119225	▁Vo
6569	-12.119289	aries
6570	-12.119761	Ha
6571	-12.120498	turn
6572	-12.121591	▁burgers
6573	-12.121648	▁LE
6574	-12.121788	▁permanent
6575	-12.121789	▁increasing
6576	-12.122014	▁Huh
6577	-12.122284	migrant
6578	-12.122284	▁Saudi
6579	-12.122284	▁appalled
6580	-12.122284	▁benevolent
6581	-12.122284	▁convincing
6582	-12.122284	▁curiosity
6583	-12.122284	▁privacy
6584	-12.122284	▁statistic
6585	-12.122291	▁prompt
6586	-12.122297	▁oven
6587	-12.122298	▁Donald
6588	-12.122302	▁skateboard
6589	-12.122302	▁worm
6590	-12.122308	▁creation
6591	-12.122376	▁decline
6592	-12.122380	▁Tyler
6593	-12.122472	▁renew
6594	-12.122479	▁freezing
6595	-12.122549	▁Whenever
6596	-12.122776	▁ep
6597	-12.122927	▁tires
6598	-12.122928	▁reflection
6599	-12.122960	▁intended
6600	-12.122972	▁controlled
6601	-12.123136	▁curly
6602	-12.123176	▁flirting
6603	-12.123359	▁nick
6604	-12.125355	▁disappeared
6605	-12.125986	self
6606	-12.125993	▁crop
6607	-12.126280	▁mug
6608	-12.126737	where
6609	-12.126829	▁creature
6610	-12.127007	▁objective
6611	-12.127318	▁indie
6612	-12.127696	▁chart
6613	-12.127805	▁bf
6614	-12.127835	▁sigh
6615	-12.128757	▁entertain
6616	-12.128792	ace
6617	-12.129560	▁Indian
6618	-12.129739	▁consult
6619	-12.129743	▁blah
6620	-12.130247	▁compliments
6621	-12.130531	▁speaker
6622	-12.130781	▁Reg
6623	-12.130787	▁trauma
6624	-12.130831	▁Professor
6625	-12.130831	▁automatically
6626	-12.130831	▁conduct
6627	-12.130831	▁engaging
6628	-12.130831	▁relatable
6629	-12.130831	▁tunnel
6630	-12.130839	▁decorations
6631	-12.131079	aliyah
6632	-12.131192	▁designing
6633	-12.131640	▁hyper
6634	-12.131775	▁shave
6635	-12.132207	▁sweaty
6636	-12.132339	▁hooked
6637	-12.132399	▁announced
6638	-12.133217	▁capital
6639	-12.133266	▁hired
6640	-12.133657	▁NY
6641	-12.133674	LY
6642	-12.134142	To
6643	-12.134194	▁tar
6644	-12.134455	flow
6645	-12.134597	▁dan
6646	-12.134783	▁server
6647	-12.135459	$
6648	-12.136484	▁ray
6649	-12.137749	▁crave
6650	-12.138298	phone
6651	-12.138738	▁wheels
6652	-12.138808	wee
6653	-12.138935	▁tradition
6654	-12.139452	▁corporate
6655	-12.139452	▁council
6656	-12.139452	▁imagining
6657	-12.139452	▁juicy
6658	-12.139452	▁lizard
6659	-12.139452	▁vampire
6660	-12.139456	▁agenda
6661	-12.139465	▁europe
6662	-12.139473	▁rural
6663	-12.139495	▁straw
6664	-12.139526	▁Brand
6665	-12.139544	▁farmers
6666	-12.139575	▁Baby
6667	-12.139603	▁smh
6668	-12.139605	▁Price
6669	-12.139848	▁remotely
6670	-12.139850	▁slight
6671	-12.140025	▁stepping
6672	-12.140045	▁Break
6673	-12.140312	▁Party
6674	-12.140357	erie
6675	-12.140487	▁assist
6676	-12.140980	▁clo
6677	-12.140985	▁networking
6678	-12.141072	▁followers
6679	-12.141132	▁cro
6680	-12.141429	▁partly
6681	-12.142580	▁refused
6682	-12.142797	▁dorm
6683	-12.143462	▁coaster
6684	-12.145220	▁ugh
6685	-12.145238	▁Sur
6686	-12.145284	▁noble
6687	-12.145333	burg
6688	-12.145473	▁Eve
6689	-12.145666	rian
6690	-12.145741	▁acc
6691	-12.145766	nse
6692	-12.146033	▁ethic
6693	-12.146212	▁lion
6694	-12.146288	▁bin
6695	-12.147034	▁importantly
6696	-12.147079	now
6697	-12.147755	▁cartoons
6698	-12.147920	▁potato
6699	-12.148009	▁pun
6700	-12.148035	▁logical
6701	-12.148147	▁obstacle
6702	-12.148148	▁encouraging
6703	-12.148148	▁george
6704	-12.148148	▁poverty
6705	-12.148149	▁Curtis
6706	-12.148218	▁repay
6707	-12.148450	▁Sta
6708	-12.148573	▁Came
6709	-12.148978	▁objects
6710	-12.149830	▁publishing
6711	-12.149858	▁dwelling
6712	-12.149998	▁Liz
6713	-12.150840	▁psych
6714	-12.150973	▁jog
6715	-12.152516	ode
6716	-12.152659	▁rust
6717	-12.152905	▁continu
6718	-12.152940	worth
6719	-12.152969	▁parenting
6720	-12.154534	▁protected
6721	-12.154890	▁annoy
6722	-12.154948	▁gi
6723	-12.155028	lessly
6724	-12.155302	▁trends
6725	-12.155622	▁humble
6726	-12.155658	▁cells
6727	-12.156343	▁funds
6728	-12.156425	▁ultimate
6729	-12.156641	▁exhibit
6730	-12.156919	▁Women
6731	-12.156919	▁caffeine
6732	-12.156919	▁conquer
6733	-12.156919	▁immature
6734	-12.156919	▁inferior
6735	-12.156924	▁inherit
6736	-12.156936	▁toddler
6737	-12.156940	▁settling
6738	-12.156950	▁sample
6739	-12.157019	▁bullet
6740	-12.157107	▁chop
6741	-12.157115	▁Brock
6742	-12.157214	▁Part
6743	-12.157434	ively
6744	-12.157516	▁aint
6745	-12.157844	▁affection
6746	-12.157894	▁laughter
6747	-12.157914	olo
6748	-12.158452	teen
6749	-12.158922	cular
6750	-12.158983	▁editing
6751	-12.159019	▁highest
6752	-12.159075	▁upper
6753	-12.159163	▁freeze
6754	-12.159236	▁tolerate
6755	-12.159595	under
6756	-12.159597	▁Rand
6757	-12.160323	fall
6758	-12.160897	▁cam
6759	-12.161183	▁te
6760	-12.161414	▁quietly
6761	-12.161576	▁powerless
6762	-12.162188	▁tw
6763	-12.162251	ional
6764	-12.162348	▁hack
6765	-12.162427	▁cri
6766	-12.162921	▁mary
6767	-12.163182	▁Yay
6768	-12.163397	▁forum
6769	-12.164001	▁memes
6770	-12.164448	▁prescribe
6771	-12.165416	▁Jon
6772	-12.165769	▁Chocolate
6773	-12.165769	▁Gucci
6774	-12.165769	▁Honda
6775	-12.165769	▁LOVE
6776	-12.165769	▁centuries
6777	-12.165769	▁century
6778	-12.165769	▁chemistry
6779	-12.165769	▁multiply
6780	-12.165769	▁rebuild
6781	-12.165769	▁territory
6782	-12.165769	▁turtle
6783	-12.165771	▁Until
6784	-12.165773	▁bicycle
6785	-12.165777	▁browse
6786	-12.165777	▁electronic
6787	-12.165797	▁flick
6788	-12.165862	▁skipping
6789	-12.165925	▁Eh
6790	-12.166079	▁artwork
6791	-12.166082	▁sword
6792	-12.166317	▁practically
6793	-12.166321	ique
6794	-12.166327	▁digging
6795	-12.166930	▁esteem
6796	-12.167565	▁epic
6797	-12.167733	▁Playing
6798	-12.167768	▁signal
6799	-12.167935	▁occasions
6800	-12.168397	▁loo
6801	-12.168611	▁freaked
6802	-12.170194	▁dye
6803	-12.170509	▁boot
6804	-12.170544	▁mag
6805	-12.171197	RT
6806	-12.171603	▁ver
6807	-12.172225	▁colleagues
6808	-12.172822	kh
6809	-12.172957	▁float
6810	-12.173768	▁punish
6811	-12.174653	▁percent
6812	-12.174695	sufficient
6813	-12.174697	IGHT
6814	-12.174697	▁Civil
6815	-12.174697	▁administration
6816	-12.174697	▁bizarre
6817	-12.174697	▁competing
6818	-12.174697	▁forgiving
6819	-12.174697	▁inappropriate
6820	-12.174698	▁frosting
6821	-12.174702	▁Louis
6822	-12.174710	▁Bowl
6823	-12.174741	▁lease
6824	-12.174754	▁balloon
6825	-12.174894	away
6826	-12.175081	▁vaguely
6827	-12.175236	quo
6828	-12.176147	▁previously
6829	-12.176299	▁chu
6830	-12.176392	bag
6831	-12.176471	▁Pan
6832	-12.176509	▁Mill
6833	-12.176836	▁PO
6834	-12.176888	cca
6835	-12.176952	▁emo
6836	-12.177317	▁represents
6837	-12.177374	▁lined
6838	-12.177776	▁invested
6839	-12.179058	mark
6840	-12.179246	▁Bryant
6841	-12.179710	written
6842	-12.179901	▁Sept
6843	-12.180007	▁painter
6844	-12.181840	▁pump
6845	-12.182353	watch
6846	-12.182488	▁scarf
6847	-12.183339	▁sorrow
6848	-12.183706	▁Eiffel
6849	-12.183706	▁contribution
6850	-12.183706	▁deciding
6851	-12.183706	▁enlighten
6852	-12.183706	▁uneasy
6853	-12.183707	▁Floyd
6854	-12.183707	▁abroad
6855	-12.183708	▁heavily
6856	-12.183730	▁sunscreen
6857	-12.183872	▁glow
6858	-12.183882	▁spit
6859	-12.183977	▁Wil
6860	-12.184004	▁gray
6861	-12.184052	▁Sharknado
6862	-12.184183	▁involves
6863	-12.184582	▁beast
6864	-12.184934	keep
6865	-12.185037	ggle
6866	-12.185087	ular
6867	-12.185486	▁schoolwork
6868	-12.185679	▁coke
6869	-12.185721	pie
6870	-12.185844	▁spiders
6871	-12.185940	▁united
6872	-12.186158	ano
6873	-12.186491	▁Act
6874	-12.186933	▁shi
6875	-12.186937	▁HO
6876	-12.188512	▁Start
6877	-12.188910	girl
6878	-12.188960	▁baked
6879	-12.188962	▁Brad
6880	-12.190289	▁Dog
6881	-12.190665	break
6882	-12.191096	▁awfully
6883	-12.191174	uk
6884	-12.192052	▁eva
6885	-12.192076	▁grant
6886	-12.192797	▁Gandhi
6887	-12.192798	▁Instead
6888	-12.192798	▁Luckily
6889	-12.192798	▁butterfly
6890	-12.192798	▁catholic
6891	-12.192798	▁dairy
6892	-12.192798	▁whatsoever
6893	-12.192821	▁garlic
6894	-12.192859	▁Cube
6895	-12.192872	▁font
6896	-12.192943	▁Wright
6897	-12.193118	▁realization
6898	-12.193339	east
6899	-12.193356	▁consistently
6900	-12.193646	xi
6901	-12.193693	▁Mind
6902	-12.193811	▁paris
6903	-12.194774	▁controlling
6904	-12.195055	***
6905	-12.195632	▁Pay
6906	-12.196255	hoe
6907	-12.196280	▁FA
6908	-12.197137	hh
6909	-12.197144	▁openly
6910	-12.197523	▁darn
6911	-12.198004	▁Kael
6912	-12.199303	▁Fri
6913	-12.199843	osh
6914	-12.201206	▁mama
6915	-12.201750	▁bid
6916	-12.201911	▁disrupt
6917	-12.201971	▁landlord
6918	-12.201972	▁adrenaline
6919	-12.201972	▁california
6920	-12.201972	▁dismiss
6921	-12.201972	▁fragile
6922	-12.201972	▁horizon
6923	-12.201972	▁nagging
6924	-12.201972	▁signature
6925	-12.201973	▁Magic
6926	-12.201975	▁meatballs
6927	-12.201983	▁Ocean
6928	-12.201989	▁prank
6929	-12.202015	▁Busy
6930	-12.202017	▁carpet
6931	-12.202020	▁theories
6932	-12.202033	face
6933	-12.202039	▁swimmer
6934	-12.202047	▁YES
6935	-12.202076	▁Yoga
6936	-12.202093	▁petition
6937	-12.202365	▁halfway
6938	-12.202406	▁Kate
6939	-12.202756	PS
6940	-12.202787	FF
6941	-12.202797	▁palm
6942	-12.202943	▁canvas
6943	-12.203508	essa
6944	-12.204181	▁delivered
6945	-12.204774	▁lip
6946	-12.204838	▁introduced
6947	-12.205112	wait
6948	-12.205511	▁gaining
6949	-12.206017	▁lions
6950	-12.206393	▁AM
6951	-12.206709	▁hum
6952	-12.208384	▁Band
6953	-12.208995	▁highlight
6954	-12.210832	▁Rae
6955	-12.210876	~~
6956	-12.211139	▁sustain
6957	-12.211227	elena
6958	-12.211231	▁Chelsea
6959	-12.211231	▁Twilight
6960	-12.211231	▁celebrity
6961	-12.211231	▁promising
6962	-12.211231	▁thirty
6963	-12.211234	▁plunge
6964	-12.211237	▁tripped
6965	-12.211239	▁Three
6966	-12.211242	▁drill
6967	-12.211246	▁bookstore
6968	-12.211249	▁blaming
6969	-12.211261	▁Court
6970	-12.211593	▁editor
6971	-12.211732	▁lamp
6972	-12.211819	▁brick
6973	-12.211952	▁Ready
6974	-12.212132	▁achievement
6975	-12.212379	▁ironic
6976	-12.212412	▁coz
6977	-12.213541	▁shooter
6978	-12.213947	▁rug
6979	-12.213963	▁mc
6980	-12.214182	▁provided
6981	-12.214283	▁rag
6982	-12.214672	▁Down
6983	-12.214846	▁touches
6984	-12.214878	▁ridiculously
6985	-12.215164	▁Boo
6986	-12.215310	▁gem
6987	-12.216038	▁speeding
6988	-12.216147	wise
6989	-12.216147	▁inches
6990	-12.216579	fiction
6991	-12.216934	think
6992	-12.217567	▁hon
6993	-12.217646	▁processed
6994	-12.218545	▁reported
6995	-12.218612	▁betray
6996	-12.219818	▁indian
6997	-12.219973	▁DE
6998	-12.220510	▁establish
6999	-12.220576	▁discomfort
7000	-12.220576	▁insignificant
7001	-12.220576	▁lasagna
7002	-12.220577	ography
7003	-12.220577	▁district
7004	-12.220577	▁polish
7005	-12.220577	▁spouse
7006	-12.220578	▁absence
7007	-12.220581	▁owl
7008	-12.220584	UFC
7009	-12.220591	▁steel
7010	-12.220593	▁begun
7011	-12.220617	▁tutorial
7012	-12.220618	▁resident
7013	-12.220620	▁Dunne
7014	-12.220631	▁recycle
7015	-12.220632	▁Personally
7016	-12.220660	▁stability
7017	-12.220729	▁foul
7018	-12.220866	▁harry
7019	-12.221066	▁counseling
7020	-12.221168	▁potter
7021	-12.221306	▁Free
7022	-12.221653	▁complaints
7023	-12.221705	▁SA
7024	-12.222263	▁boxer
7025	-12.223094	▁BO
7026	-12.223141	▁entering
7027	-12.223489	▁Jim
7028	-12.224524	▁sch
7029	-12.224664	game
7030	-12.224892	▁drawer
7031	-12.225092	BC
7032	-12.225819	conscious
7033	-12.226866	gate
7034	-12.227705	Re
7035	-12.227777	▁spider
7036	-12.228713	▁divide
7037	-12.229071	maker
7038	-12.229073	▁chew
7039	-12.229182	▁install
7040	-12.229319	ologist
7041	-12.230010	▁initiative
7042	-12.230011	▁concrete
7043	-12.230011	▁fraud
7044	-12.230011	▁transform
7045	-12.230011	▁wardrobe
7046	-12.230014	▁behalf
7047	-12.230023	▁upgrade
7048	-12.230026	▁Walker
7049	-12.230026	▁warrant
7050	-12.230087	▁grave
7051	-12.230090	▁Under
7052	-12.230142	▁obsession
7053	-12.230204	▁prior
7054	-12.230208	▁diary
7055	-12.230261	▁peppers
7056	-12.230419	▁Making
7057	-12.230528	▁River
7058	-12.230881	▁boil
7059	-12.230929	▁spoiled
7060	-12.231055	▁dick
7061	-12.231112	▁significantly
7062	-12.231228	▁cheeks
7063	-12.231665	▁questioning
7064	-12.231997	▁limb
7065	-12.232827	▁cracked
7066	-12.233744	mph
7067	-12.234236	▁demo
7068	-12.234381	▁operate
7069	-12.234534	▁Wall
7070	-12.234604	▁scan
7071	-12.234956	▁hasnt
7072	-12.235069	▁spoil
7073	-12.235139	▁brainstorming
7074	-12.237103	Go
7075	-12.237714	▁sounding
7076	-12.237931	▁endeavors
7077	-12.238458	▁drown
7078	-12.238803	▁AC
7079	-12.238966	▁researching
7080	-12.239534	▁Captain
7081	-12.239534	▁Relax
7082	-12.239534	▁Yakub
7083	-12.239534	▁downstairs
7084	-12.239534	▁enemies
7085	-12.239534	▁goddamn
7086	-12.239534	▁hydrated
7087	-12.239534	▁suicide
7088	-12.239535	▁Living
7089	-12.239535	▁trump
7090	-12.239544	▁resonate
7091	-12.239575	▁console
7092	-12.239616	▁Turn
7093	-12.239634	▁rising
7094	-12.239695	▁devil
7095	-12.240045	▁spite
7096	-12.240164	▁QB
7097	-12.240260	▁jealousy
7098	-12.240324	▁Cena
7099	-12.240672	▁theatre
7100	-12.240817	gal
7101	-12.241598	DS
7102	-12.241715	▁clicked
7103	-12.241716	▁hunger
7104	-12.241840	verse
7105	-12.242042	▁cub
7106	-12.242503	▁teaches
7107	-12.242883	▁earning
7108	-12.243135	▁tale
7109	-12.243453	berry
7110	-12.243596	meter
7111	-12.245063	▁recommended
7112	-12.245089	▁atom
7113	-12.245772	ink
7114	-12.245996	▁char
7115	-12.247263	▁element
7116	-12.247537	lk
7117	-12.248130	▁slack
7118	-12.248461	▁combo
7119	-12.248560	▁Cali
7120	-12.248856	date
7121	-12.249149	▁Arsenal
7122	-12.249149	▁coincidence
7123	-12.249149	▁irresponsible
7124	-12.249149	▁promoting
7125	-12.249149	▁throbbing
7126	-12.249149	▁vacuum
7127	-12.249150	▁abortion
7128	-12.249150	▁collapse
7129	-12.249150	▁comparing
7130	-12.249151	▁entail
7131	-12.249158	▁William
7132	-12.249162	▁informative
7133	-12.249166	▁priorities
7134	-12.249170	▁Walking
7135	-12.249170	▁civilization
7136	-12.249200	▁Republican
7137	-12.249201	▁Jenner
7138	-12.249209	▁textbook
7139	-12.249211	▁assertive
7140	-12.249242	▁Miami
7141	-12.249314	▁presented
7142	-12.249324	▁passport
7143	-12.249325	▁waist
7144	-12.249342	▁rapper
7145	-12.249425	▁debut
7146	-12.249454	▁bold
7147	-12.251032	▁advanced
7148	-12.251254	▁panel
7149	-12.252261	▁peak
7150	-12.254807	▁attacking
7151	-12.255832	▁eater
7152	-12.255866	pur
7153	-12.256110	▁newest
7154	-12.256563	▁union
7155	-12.256889	cking
7156	-12.257141	ddle
7157	-12.257167	tard
7158	-12.257403	▁dive
7159	-12.258566	▁ye
7160	-12.258808	▁posse
7161	-12.258859	▁democrat
7162	-12.258859	▁gradually
7163	-12.258859	▁observation
7164	-12.258860	▁Center
7165	-12.258861	▁width
7166	-12.258869	▁mercy
7167	-12.258873	▁division
7168	-12.258883	▁commendable
7169	-12.258888	▁arrangement
7170	-12.258892	▁portray
7171	-12.258920	▁bugging
7172	-12.258962	▁Ouch
7173	-12.259011	▁knot
7174	-12.259029	▁flour
7175	-12.259142	▁robbery
7176	-12.259183	▁glue
7177	-12.259202	▁Four
7178	-12.259212	▁overreacting
7179	-12.259664	▁Fl
7180	-12.259975	▁penis
7181	-12.259995	▁freshman
7182	-12.260108	▁secondly
7183	-12.260172	▁Air
7184	-12.260344	▁Madi
7185	-12.260444	▁gf
7186	-12.260620	▁Leon
7187	-12.261071	▁enthusiastic
7188	-12.262060	▁leaning
7189	-12.262463	▁rash
7190	-12.262520	▁picky
7191	-12.262712	▁politicians
7192	-12.264002	weight
7193	-12.264149	▁rn
7194	-12.264910	▁Lea
7195	-12.265417	▁consume
7196	-12.266611	good
7197	-12.267566	▁drift
7198	-12.267574	▁crawl
7199	-12.267942	▁resign
7200	-12.268662	▁Galaxy
7201	-12.268662	▁australia
7202	-12.268662	▁butterflies
7203	-12.268662	▁ceiling
7204	-12.268662	▁chronic
7205	-12.268662	▁flattering
7206	-12.268662	▁storage
7207	-12.268662	▁striving
7208	-12.268662	▁volume
7209	-12.268663	▁:-)
7210	-12.268664	▁orphan
7211	-12.268665	▁federal
7212	-12.268665	▁soothing
7213	-12.268673	▁swelling
7214	-12.268681	▁Teacher
7215	-12.268699	▁notebook
7216	-12.268738	▁backwards
7217	-12.268746	▁performer
7218	-12.268799	▁Hogan
7219	-12.268846	▁flair
7220	-12.268854	▁olive
7221	-12.268873	▁carbon
7222	-12.268895	▁Old
7223	-12.268922	▁bookmark
7224	-12.269006	▁Paper
7225	-12.269059	▁constructive
7226	-12.269284	▁neglecting
7227	-12.269401	▁Bur
7228	-12.269454	]:
7229	-12.269531	▁highway
7230	-12.269739	▁flop
7231	-12.270259	▁blown
7232	-12.270292	▁specialize
7233	-12.270443	▁maid
7234	-12.271485	▁Sea
7235	-12.271978	▁fourth
7236	-12.273139	rv
7237	-12.273147	▁Kari
7238	-12.273523	▁pub
7239	-12.274501	race
7240	-12.275060	▁mint
7241	-12.275189	▁Tal
7242	-12.275520	space
7243	-12.275628	▁Tar
7244	-12.277154	fc
7245	-12.277312	▁cheek
7246	-12.278068	▁Second
7247	-12.278209	▁terror
7248	-12.278221	▁fri
7249	-12.278563	▁irrational
7250	-12.278563	▁Jazz
7251	-12.278563	▁University
7252	-12.278563	▁cliff
7253	-12.278563	▁dialogue
7254	-12.278563	▁global
7255	-12.278563	▁opposed
7256	-12.278563	▁rhythm
7257	-12.278563	▁unbelievable
7258	-12.278564	▁breathtaking
7259	-12.278581	▁funeral
7260	-12.278612	▁Somebody
7261	-12.278617	▁Royal
7262	-12.278618	▁tempted
7263	-12.278644	▁Syria
7264	-12.278667	▁Based
7265	-12.278694	▁Golden
7266	-12.278985	▁technically
7267	-12.279476	▁educated
7268	-12.280158	▁tested
7269	-12.280838	▁impress
7270	-12.281357	▁fam
7271	-12.281397	▁encouraged
7272	-12.282839	Do
7273	-12.283748	▁supporters
7274	-12.283932	workers
7275	-12.284057	Me
7276	-12.284286	▁"""
7277	-12.284423	▁answered
7278	-12.284817	▁dep
7279	-12.285115	▁cd
7280	-12.285870	:)
7281	-12.286523	▁donations
7282	-12.287168	▁lacking
7283	-12.287246	▁hood
7284	-12.287484	▁addict
7285	-12.287577	▁outdoor
7286	-12.287949	TER
7287	-12.287967	▁delay
7288	-12.288094	▁dodge
7289	-12.288525	▁Revolution
7290	-12.288563	▁swallow
7291	-12.288564	▁ceremony
7292	-12.288564	▁cinema
7293	-12.288564	▁extracurricular
7294	-12.288564	▁ignorance
7295	-12.288564	▁impulsive
7296	-12.288564	▁uniform
7297	-12.288564	▁venue
7298	-12.288571	▁cult
7299	-12.288576	▁bullied
7300	-12.288577	▁streak
7301	-12.288588	▁Running
7302	-12.288612	▁drew
7303	-12.288663	▁Robert
7304	-12.288711	▁incel
7305	-12.288792	▁Winter
7306	-12.288953	▁~~
7307	-12.288955	▁thoroughly
7308	-12.289467	▁boarding
7309	-12.290081	▁assure
7310	-12.290622	▁tower
7311	-12.291143	▁colon
7312	-12.291365	▁taxi
7313	-12.292613	▁discussed
7314	-12.292641	ote
7315	-12.293050	▁traditions
7316	-12.294569	▁ranch
7317	-12.294608	▁Fire
7318	-12.294949	▁Cole
7319	-12.295091	▁weapons
7320	-12.296264	▁texting
7321	-12.297070	▁Ask
7322	-12.297335	▁val
7323	-12.298027	▁German
7324	-12.298378	▁Dean
7325	-12.298664	▁Austin
7326	-12.298664	▁Cooking
7327	-12.298664	▁February
7328	-12.298664	▁destiny
7329	-12.298664	▁investigation
7330	-12.298664	▁liberating
7331	-12.298664	▁physics
7332	-12.298664	▁profound
7333	-12.298665	▁scroll
7334	-12.298669	▁translate
7335	-12.298670	▁sweep
7336	-12.298675	▁Cream
7337	-12.298707	▁excel
7338	-12.298824	▁frozen
7339	-12.298849	▁crisp
7340	-12.298974	▁interpretation
7341	-12.298977	▁meds
7342	-12.298993	▁weaknesses
7343	-12.299326	▁temple
7344	-12.299348	▁Zak
7345	-12.299820	▁harmless
7346	-12.300031	▁Pl
7347	-12.300319	▁generate
7348	-12.300909	▁amusing
7349	-12.301032	oma
7350	-12.301133	▁sinking
7351	-12.301202	▁Kyle
7352	-12.301648	▁proven
7353	-12.302336	Ba
7354	-12.303005	▁assumed
7355	-12.304319	▁PC
7356	-12.304339	▁landed
7357	-12.304688	▁Fred
7358	-12.305149	▁PA
7359	-12.305249	come
7360	-12.305438	▁~
7361	-12.306677	FE
7362	-12.307244	▁Eric
7363	-12.307337	▁bare
7364	-12.308378	▁dose
7365	-12.308855	NS
7366	-12.308858	▁restrict
7367	-12.308867	▁hamburger
7368	-12.308868	▁Kasich
7369	-12.308868	▁Lesnar
7370	-12.308868	▁Uncle
7371	-12.308868	▁Yikes
7372	-12.308868	▁democracy
7373	-12.308868	▁detention
7374	-12.308868	▁negativity
7375	-12.308869	▁veteran
7376	-12.308893	▁chief
7377	-12.308927	▁embarrassment
7378	-12.308934	▁foster
7379	-12.308994	▁documentary
7380	-12.309012	▁kitty
7381	-12.309075	▁lemon
7382	-12.309151	▁Money
7383	-12.309281	▁disadvantaged
7384	-12.310036	▁Saw
7385	-12.312063	▁binge
7386	-12.312867	▁naive
7387	-12.313333	▁uk
7388	-12.314422	rich
7389	-12.314966	leg
7390	-12.315452	▁tee
7391	-12.315846	▁Mika
7392	-12.315906	▁approaching
7393	-12.318263	AH
7394	-12.318336	▁learner
7395	-12.319178	▁Houston
7396	-12.319178	▁Rahul
7397	-12.319178	▁abusive
7398	-12.319178	▁eliminate
7399	-12.319178	▁examination
7400	-12.319178	▁powder
7401	-12.319178	▁preparation
7402	-12.319178	▁yummy
7403	-12.319179	▁eyebrow
7404	-12.319179	▁gamble
7405	-12.319179	▁household
7406	-12.319180	▁Arabia
7407	-12.319181	▁Batman
7408	-12.319181	▁curve
7409	-12.319187	▁Dream
7410	-12.319187	▁motor
7411	-12.319215	▁antsy
7412	-12.319440	▁wives
7413	-12.319601	TO
7414	-12.319695	▁disturbing
7415	-12.319823	▁Carly
7416	-12.319889	▁candles
7417	-12.320308	▁alert
7418	-12.320312	▁Martin
7419	-12.320784	▁rack
7420	-12.320879	▁salty
7421	-12.322462	▁bail
7422	-12.322668	oul
7423	-12.322692	▁div
7424	-12.322707	▁messes
7425	-12.323600	▁collected
7426	-12.323770	▁upload
7427	-12.324189	step
7428	-12.326807	▁funding
7429	-12.328499	▁flirt
7430	-12.329595	▁Birthday
7431	-12.329595	▁coupon
7432	-12.329595	▁gratifying
7433	-12.329595	▁portrait
7434	-12.329595	▁thrift
7435	-12.329596	▁autism
7436	-12.329597	▁Animal
7437	-12.329597	▁Death
7438	-12.329603	▁Caitlyn
7439	-12.329619	▁panicked
7440	-12.329622	▁chunk
7441	-12.329629	▁choke
7442	-12.329632	▁Jimmy
7443	-12.329640	▁void
7444	-12.329651	▁cardio
7445	-12.329657	▁programmer
7446	-12.329726	▁mouse
7447	-12.329742	▁Holden
7448	-12.329781	▁chili
7449	-12.329794	▁resourceful
7450	-12.329882	▁jury
7451	-12.329938	▁alcoholic
7452	-12.329956	▁witch
7453	-12.330015	▁acceptance
7454	-12.330034	▁june
7455	-12.330154	▁bon
7456	-12.330178	▁shiny
7457	-12.330226	▁lick
7458	-12.330544	onic
7459	-12.330597	▁combined
7460	-12.330812	▁Kid
7461	-12.330933	▁consulting
7462	-12.331497	▁sailing
7463	-12.331797	▁forcing
7464	-12.331964	▁appeared
7465	-12.332442	▁Mario
7466	-12.332911	▁Wal
7467	-12.333394	▁mono
7468	-12.333417	▁startled
7469	-12.333547	▁pleasantly
7470	-12.333660	▁Roman
7471	-12.333778	pu
7472	-12.334120	▁adjusting
7473	-12.334699	▁Bel
7474	-12.334812	▁bio
7475	-12.335376	zu
7476	-12.335399	▁DM
7477	-12.335822	▁positively
7478	-12.336141	thank
7479	-12.336195	yer
7480	-12.336327	▁Shame
7481	-12.336795	▁End
7482	-12.338116	▁disgust
7483	-12.338808	▁determine
7484	-12.339258	TT
7485	-12.339277	▁charm
7486	-12.340093	▁tub
7487	-12.340120	▁Almost
7488	-12.340120	▁Democrat
7489	-12.340120	▁Nirvana
7490	-12.340120	▁Usually
7491	-12.340120	▁blush
7492	-12.340120	▁innovative
7493	-12.340120	▁squeeze
7494	-12.340120	▁wheelchair
7495	-12.340121	▁nutrition
7496	-12.340121	▁pyramid
7497	-12.340121	▁solemn
7498	-12.340123	▁Hollywood
7499	-12.340123	▁lipstick
7500	-12.340134	▁League
7501	-12.340136	▁savor
7502	-12.340143	▁hubby
7503	-12.340187	▁troop
7504	-12.340195	▁BA
7505	-12.340237	▁paycheck
7506	-12.340250	▁invention
7507	-12.340629	▁james
7508	-12.340750	eye
7509	-12.340800	▁danced
7510	-12.340873	▁extended
7511	-12.341580	▁interrupting
7512	-12.342232	▁Losing
7513	-12.342576	▁willingness
7514	-12.342768	▁hun
7515	-12.342833	▁tease
7516	-12.343740	▁gamer
7517	-12.345114	▁arch
7518	-12.346058	▁Santa
7519	-12.346439	▁backup
7520	-12.346516	lessness
7521	-12.347215	▁Use
7522	-12.347764	▁PR
7523	-12.347860	▁Ren
7524	-12.348512	▁suburbs
7525	-12.349195	▁tube
7526	-12.349584	▁prep
7527	-12.350209	dog
7528	-12.350313	▁Wonder
7529	-12.350358	▁mcdonalds
7530	-12.350760	▁Maiden
7531	-12.350760	▁WHAT
7532	-12.350760	▁antibiotics
7533	-12.350760	▁flawless
7534	-12.350760	▁graduating
7535	-12.350762	▁overseas
7536	-12.350769	▁Towns
7537	-12.350779	▁FUCK
7538	-12.350883	▁Bobby
7539	-12.350893	▁shallow
7540	-12.350918	▁harmful
7541	-12.350922	▁Harper
7542	-12.350933	▁dining
7543	-12.351025	▁Gaga
7544	-12.351077	▁sibling
7545	-12.351137	▁nofollow
7546	-12.351233	▁alter
7547	-12.351342	▁disconnected
7548	-12.351559	▁manageable
7549	-12.352052	ibly
7550	-12.352254	▁Moto
7551	-12.352377	▁castle
7552	-12.353446	▁Karen
7553	-12.353977	▁\""
7554	-12.354205	▁fuckin
7555	-12.354635	▁Kale
7556	-12.355056	▁detailed
7557	-12.355225	▁Ten
7558	-12.355227	In
7559	-12.356940	▁cleaner
7560	-12.357159	▁bind
7561	-12.357244	▁catches
7562	-12.357675	▁hunter
7563	-12.357717	▁described
7564	-12.357919	▁landing
7565	-12.358302	▁criticize
7566	-12.358335	lift
7567	-12.359115	EL
7568	-12.359619	being
7569	-12.360535	▁transport
7570	-12.360888	▁upside
7571	-12.361018	▁remote
7572	-12.361035	▁instant
7573	-12.361471	▁harass
7574	-12.361491	▁occasional
7575	-12.361512	▁Colorado
7576	-12.361512	▁Scout
7577	-12.361512	▁crumb
7578	-12.361512	▁destruction
7579	-12.361512	▁elaborate
7580	-12.361512	▁elephant
7581	-12.361512	▁proactive
7582	-12.361513	▁Hebdo
7583	-12.361513	▁millionaire
7584	-12.361513	▁spiral
7585	-12.361514	▁upbeat
7586	-12.361515	▁thrive
7587	-12.361518	▁Jacob
7588	-12.361528	▁robbed
7589	-12.361545	▁Queen
7590	-12.361547	▁duties
7591	-12.361683	RAW
7592	-12.361721	▁repost
7593	-12.361868	▁diff
7594	-12.361897	▁terrorist
7595	-12.362005	▁cartoon
7596	-12.362082	▁neglected
7597	-12.362099	▁chore
7598	-12.362426	▁buck
7599	-12.362460	▁charmed
7600	-12.362982	law
7601	-12.362989	▁coughing
7602	-12.363353	▁lt
7603	-12.364006	▁crashed
7604	-12.364010	▁iced
7605	-12.364066	▁triggered
7606	-12.365473	▁rear
7607	-12.366272	▁slower
7608	-12.366317	▁mike
7609	-12.366531	▁Cher
7610	-12.367862	▁Wh
7611	-12.368256	▁catchy
7612	-12.368364	^
7613	-12.369584	▁OC
7614	-12.369753	ii
7615	-12.369834	▁UP
7616	-12.370047	opped
7617	-12.370099	atory
7618	-12.370575	▁avoided
7619	-12.370986	TV
7620	-12.371919	▁Phil
7621	-12.372250	▁tab
7622	-12.372381	▁Literally
7623	-12.372381	▁advisor
7624	-12.372381	▁central
7625	-12.372381	▁criteria
7626	-12.372381	▁dinosaur
7627	-12.372381	▁observe
7628	-12.372381	▁prejudice
7629	-12.372381	▁subscribe
7630	-12.372381	▁wrestling
7631	-12.372382	▁cultural
7632	-12.372382	▁unkind
7633	-12.372383	▁meditate
7634	-12.372395	▁occurred
7635	-12.372400	▁gently
7636	-12.372414	▁tuition
7637	-12.372437	▁wildlife
7638	-12.372482	▁sidewalk
7639	-12.372558	▁teammates
7640	-12.372635	▁lbs
7641	-12.373220	haha
7642	-12.373556	▁heroes
7643	-12.373789	▁"[
7644	-12.374269	elling
7645	-12.375227	▁jaw
7646	-12.375235	▁Ahh
7647	-12.375639	▁actively
7648	-12.376687	stone
7649	-12.377590	▁Bear
7650	-12.377647	TM
7651	-12.377688	▁stake
7652	-12.378155	roy
7653	-12.378420	▁raped
7654	-12.380219	▁pea
7655	-12.380221	▁logo
7656	-12.380515	▁tighten
7657	-12.380536	based
7658	-12.381182	▁temp
7659	-12.382157	▁progressive
7660	-12.382186	VER
7661	-12.382305	▁lightly
7662	-12.382528	▁sci
7663	-12.382784	▁pinch
7664	-12.383369	▁bloom
7665	-12.383370	▁Madonna
7666	-12.383370	▁NBA
7667	-12.383370	▁absorb
7668	-12.383370	▁apologies
7669	-12.383370	▁assumption
7670	-12.383370	▁attorney
7671	-12.383370	▁beneath
7672	-12.383370	▁bloated
7673	-12.383370	▁deliberately
7674	-12.383370	▁diploma
7675	-12.383370	▁fuzzy
7676	-12.383370	▁injustice
7677	-12.383370	▁insincere
7678	-12.383370	▁instagram
7679	-12.383370	▁stabbed
7680	-12.383370	▁vocal
7681	-12.383371	▁History
7682	-12.383372	▁southern
7683	-12.383374	▁^^
7684	-12.383374	▁hardworking
7685	-12.383377	▁december
7686	-12.383380	▁wtf
7687	-12.383396	▁bashful
7688	-12.383401	▁detective
7689	-12.383416	▁Classic
7690	-12.383417	▁leaf
7691	-12.383422	▁douche
7692	-12.383432	▁salon
7693	-12.383453	▁soaked
7694	-12.383480	▁sustainable
7695	-12.383521	▁dumbass
7696	-12.383536	▁keyboard
7697	-12.383657	▁grandson
7698	-12.383715	▁poet
7699	-12.384493	▁pumped
7700	-12.384634	▁irony
7701	-12.384933	▁warned
7702	-12.384976	▁grin
7703	-12.385628	▁psycho
7704	-12.388031	▁rapid
7705	-12.388659	aco
7706	-12.389867	▁linked
7707	-12.390520	lain
7708	-12.391023	name
7709	-12.392676	▁bum
7710	-12.392828	▁Ew
7711	-12.393205	▁Yan
7712	-12.394481	▁arrival
7713	-12.394482	phobia
7714	-12.394482	▁Gabriel
7715	-12.394482	▁McCartney
7716	-12.394482	▁Mexican
7717	-12.394482	▁autograph
7718	-12.394482	▁barista
7719	-12.394482	▁chicago
7720	-12.394482	▁clumsy
7721	-12.394482	▁diagnosis
7722	-12.394482	▁feminine
7723	-12.394482	▁pollution
7724	-12.394482	▁preoccupied
7725	-12.394483	▁Blair
7726	-12.394483	▁alternate
7727	-12.394485	▁david
7728	-12.394485	▁serene
7729	-12.394486	▁bummer
7730	-12.394558	▁misery
7731	-12.394568	▁membership
7732	-12.394585	▁Hold
7733	-12.394585	▁visitors
7734	-12.394587	▁majoring
7735	-12.394685	▁unlock
7736	-12.394693	▁whip
7737	-12.394944	▁quest
7738	-12.395048	▁reside
7739	-12.395066	▁Kinda
7740	-12.395133	▁permanently
7741	-12.395592	▁EU
7742	-12.395970	did
7743	-12.396574	▁wandering
7744	-12.396988	cause
7745	-12.397224	▁esp
7746	-12.397388	▁spec
7747	-12.397693	▁plea
7748	-12.397850	▁sickness
7749	-12.398092	▁colored
7750	-12.398761	▁screwed
7751	-12.400013	▁Jesse
7752	-12.400132	▁Karl
7753	-12.400607	▁institution
7754	-12.400989	friend
7755	-12.401703	😂
7756	-12.402709	looking
7757	-12.404628	ident
7758	-12.404803	▁assault
7759	-12.405535	▁tomato
7760	-12.405661	▁meaningless
7761	-12.405718	▁Goodbye
7762	-12.405718	▁Naruto
7763	-12.405718	▁Obviously
7764	-12.405718	▁Recently
7765	-12.405718	▁karaoke
7766	-12.405725	▁forehead
7767	-12.405726	▁porch
7768	-12.405732	▁comedian
7769	-12.405736	▁Sleep
7770	-12.405742	▁Hulk
7771	-12.405754	▁batteries
7772	-12.405773	▁Learn
7773	-12.405869	▁antique
7774	-12.405993	▁Off
7775	-12.406154	band
7776	-12.407039	▁endure
7777	-12.407123	▁grader
7778	-12.407416	▁Ahhh
7779	-12.407747	▁Kia
7780	-12.408294	▁Won
7781	-12.408621	▁Friend
7782	-12.410369	▁experimenting
7783	-12.410799	▁sheep
7784	-12.411287	▁Awww
7785	-12.411663	▁AL
7786	-12.411932	▁Fall
7787	-12.412218	▁hormones
7788	-12.412773	▁nest
7789	-12.413089	Okay
7790	-12.414280	▁Law
7791	-12.414322	▁Daniel
7792	-12.415416	AC
7793	-12.415768	▁torture
7794	-12.415888	▁Cup
7795	-12.415946	oriented
7796	-12.416177	▁smash
7797	-12.416934	nation
7798	-12.417076	▁audio
7799	-12.417081	▁Aldean
7800	-12.417081	▁Instagram
7801	-12.417081	▁Jurassic
7802	-12.417081	▁Mayweather
7803	-12.417081	▁authentic
7804	-12.417081	▁broccoli
7805	-12.417081	▁category
7806	-12.417081	▁diabetes
7807	-12.417081	▁discrimination
7808	-12.417081	▁snapped
7809	-12.417081	▁splendid
7810	-12.417082	▁Internet
7811	-12.417082	▁Travel
7812	-12.417082	▁reserve
7813	-12.417083	▁Pedro
7814	-12.417084	▁Garden
7815	-12.417089	▁flaws
7816	-12.417128	▁representative
7817	-12.417152	▁comedies
7818	-12.417167	they
7819	-12.417170	▁micro
7820	-12.417192	▁mil
7821	-12.417265	▁immensely
7822	-12.417272	▁GOP
7823	-12.417288	▁grain
7824	-12.417314	▁socializing
7825	-12.417449	▁footage
7826	-12.418900	▁vegetable
7827	-12.419416	▁locker
7828	-12.419824	▁headline
7829	-12.419906	▁recovering
7830	-12.420051	▁Thought
7831	-12.420815	▁pause
7832	-12.421194	aro
7833	-12.423040	esh
7834	-12.424088	▁overtime
7835	-12.424243	▁Fran
7836	-12.424587	▁deli
7837	-12.424779	burn
7838	-12.424845	och
7839	-12.424863	▁mow
7840	-12.425369	ppl
7841	-12.426504	▁embarrass
7842	-12.426861	▁Gian
7843	-12.426987	▁Zach
7844	-12.427176	▁hol
7845	-12.427258	▁associate
7846	-12.427352	▁propose
7847	-12.427479	▁Male
7848	-12.427665	▁Avi
7849	-12.428126	▁vague
7850	-12.428576	▁Detroit
7851	-12.428576	▁Toyota
7852	-12.428576	▁communities
7853	-12.428576	▁england
7854	-12.428576	▁estimate
7855	-12.428576	▁intriguing
7856	-12.428576	▁jubilant
7857	-12.428576	▁recognition
7858	-12.428576	▁reservation
7859	-12.428576	▁sponsor
7860	-12.428576	▁struck
7861	-12.428576	▁thigh
7862	-12.428576	▁twilight
7863	-12.428576	▁CEO
7864	-12.428576	▁british
7865	-12.428588	▁Jordan
7866	-12.428610	▁stove
7867	-12.428616	▁align
7868	-12.428632	▁obey
7869	-12.428764	▁feat
7870	-12.428811	▁consent
7871	-12.428886	▁mansion
7872	-12.429003	▁coding
7873	-12.429122	▁Oak
7874	-12.429237	▁gaze
7875	-12.429320	ended
7876	-12.429548	using
7877	-12.429577	▁bandage
7878	-12.429746	NG
7879	-12.429970	cies
7880	-12.430103	?!?!
7881	-12.430649	▁expense
7882	-12.430788	ifying
7883	-12.431691	▁surrounding
7884	-12.431900	▁format
7885	-12.432409	kar
7886	-12.432792	▁attended
7887	-12.433220	▁pressing
7888	-12.433943	boo
7889	-12.434280	Point
7890	-12.435446	elli
7891	-12.435974	fest
7892	-12.436376	▁delight
7893	-12.436773	▁Dang
7894	-12.437099	▁vol
7895	-12.439351	ead
7896	-12.439708	▁technical
7897	-12.439846	▁preach
7898	-12.440204	▁activist
7899	-12.440204	▁barbecue
7900	-12.440204	▁cheeseburger
7901	-12.440204	▁daunting
7902	-12.440204	▁eagle
7903	-12.440204	▁fluffy
7904	-12.440204	▁november
7905	-12.440204	▁piercing
7906	-12.440204	▁retarded
7907	-12.440204	▁skydiving
7908	-12.440204	▁spontaneous
7909	-12.440204	▁unprotected
7910	-12.440208	▁squad
7911	-12.440214	▁cotton
7912	-12.440216	▁permit
7913	-12.440217	▁interfere
7914	-12.440264	▁popped
7915	-12.440300	▁aisle
7916	-12.440371	▁layout
7917	-12.440372	▁royal
7918	-12.440450	▁avid
7919	-12.440504	▁Gonna
7920	-12.440602	idge
7921	-12.440856	RS
7922	-12.440954	▁surprisingly
7923	-12.441043	▁OH
7924	-12.441380	▁nearest
7925	-12.441818	▁protective
7926	-12.442101	▁manual
7927	-12.442112	▁july
7928	-12.443151	▁ponder
7929	-12.443339	▁cable
7930	-12.443982	▁Wasn
7931	-12.444360	quin
7932	-12.444377	▁Pra
7933	-12.444591	ALL
7934	-12.444671	▁coaching
7935	-12.445024	▁accomplishing
7936	-12.446198	▁verse
7937	-12.446716	ENT
7938	-12.447981	shirt
7939	-12.448034	▁Mate
7940	-12.448200	▁sorted
7941	-12.448213	ourse
7942	-12.448281	about
7943	-12.448393	▁solved
7944	-12.448622	▁renting
7945	-12.448855	opening
7946	-12.451442	lol
7947	-12.451490	▁utter
7948	-12.451749	▁judgment
7949	-12.451968	▁Congress
7950	-12.451968	▁Whether
7951	-12.451968	▁Wilkinson
7952	-12.451968	▁cycling
7953	-12.451968	▁inevitable
7954	-12.451968	▁memorable
7955	-12.451968	▁mushroom
7956	-12.451968	▁virtual
7957	-12.451971	▁Indeed
7958	-12.451971	▁amateur
7959	-12.451971	▁annual
7960	-12.451971	▁snuggle
7961	-12.451975	▁centre
7962	-12.451978	▁bummed
7963	-12.451984	▁Peace
7964	-12.451992	▁advise
7965	-12.452003	▁Diego
7966	-12.452010	▁glory
7967	-12.452068	▁dependent
7968	-12.452096	▁subtle
7969	-12.452119	▁scout
7970	-12.452135	▁rad
7971	-12.452162	▁lining
7972	-12.452276	▁parade
7973	-12.452289	▁convicted
7974	-12.452483	▁authority
7975	-12.452557	▁Secondly
7976	-12.452858	▁Simon
7977	-12.453195	▁fry
7978	-12.453256	▁homo
7979	-12.454183	▁Eating
7980	-12.454287	▁needles
7981	-12.454505	body
7982	-12.454586	▁Marvel
7983	-12.454625	▁chased
7984	-12.455474	▁taco
7985	-12.455488	▁Cut
7986	-12.455524	▁Ball
7987	-12.455763	▁hosting
7988	-12.456388	▁defending
7989	-12.456771	▁Tai
7990	-12.458040	▁mill
7991	-12.458174	▁tuck
7992	-12.459320	▁Hy
7993	-12.459568	word
7994	-12.459900	▁rein
7995	-12.460119	▁CA
7996	-12.460358	range
7997	-12.461085	▁planting
7998	-12.461862	▁surround
7999	-12.462041	itter
8000	-12.462321	sigh
8001	-12.462425	BB
8002	-12.463050	▁eli
8003	-12.463157	▁reporter
8004	-12.463872	▁daydream
8005	-12.463873	▁Chicken
8006	-12.463873	▁approval
8007	-12.463873	▁emptiness
8008	-12.463873	▁texas
8009	-12.463883	▁jelly
8010	-12.463894	▁housing
8011	-12.463906	▁Shoot
8012	-12.463930	▁perverse
8013	-12.464136	▁beginner
8014	-12.464163	▁FOR
8015	-12.464431	▁Gold
8016	-12.464615	▁threatening
8017	-12.465064	▁essentially
8018	-12.465253	▁watches
8019	-12.465350	icle
8020	-12.466378	▁verbal
8021	-12.466773	ata
8022	-12.466797	▁smoothie
8023	-12.467279	RR
8024	-12.467286	▁punched
8025	-12.468215	▁merely
8026	-12.468546	▁blocked
8027	-12.471507	▁Sale
8028	-12.472195	Why
8029	-12.472238	Of
8030	-12.472444	ancy
8031	-12.473359	lop
8032	-12.474868	▁select
8033	-12.475886	▁suspense
8034	-12.475921	▁Bowie
8035	-12.475921	▁Dinner
8036	-12.475921	▁Dunkin
8037	-12.475921	▁analysis
8038	-12.475921	▁bartender
8039	-12.475921	▁flew
8040	-12.475921	▁imaginary
8041	-12.475921	▁inconvenience
8042	-12.475921	▁lobster
8043	-12.475921	▁maintenance
8044	-12.475921	▁paragraph
8045	-12.475921	▁revolution
8046	-12.475921	▁strawberries
8047	-12.475921	▁tribute
8048	-12.475922	▁disabled
8049	-12.475924	▁Source
8050	-12.475941	▁recess
8051	-12.475942	▁convertible
8052	-12.475948	▁productivity
8053	-12.475959	▁decorating
8054	-12.475990	▁Bridge
8055	-12.475999	▁disruptive
8056	-12.476050	▁surgeon
8057	-12.476142	▁puff
8058	-12.476276	▁equality
8059	-12.476439	▁Grace
8060	-12.476950	▁examine
8061	-12.477551	▁spilled
8062	-12.477735	DE
8063	-12.477910	▁wisely
8064	-12.478484	▁Finn
8065	-12.478520	▁confirmed
8066	-12.478523	▁Ema
8067	-12.478534	▁WWE
8068	-12.478995	▁shin
8069	-12.479113	liness
8070	-12.479142	▁warming
8071	-12.479592	▁Dana
8072	-12.480202	shot
8073	-12.480417	anta
8074	-12.480891	▁confession
8075	-12.481153	▁commenting
8076	-12.483608	season
8077	-12.484070	interest
8078	-12.484134	correct
8079	-12.484139	related
8080	-12.484551	If
8081	-12.485992	xie
8082	-12.486075	with
8083	-12.486176	▁Beth
8084	-12.486214	▁Juliet
8085	-12.488116	▁Accident
8086	-12.488116	▁Club
8087	-12.488116	▁anticipation
8088	-12.488116	▁completing
8089	-12.488116	▁discouraging
8090	-12.488116	▁eternal
8091	-12.488116	▁retiring
8092	-12.488116	▁rival
8093	-12.488116	▁squirrel
8094	-12.488116	▁tissue
8095	-12.488116	▁unicorn
8096	-12.488117	▁martial
8097	-12.488117	▁tummy
8098	-12.488120	▁^^^
8099	-12.488120	▁collar
8100	-12.488150	▁charlie
8101	-12.488171	▁resentment
8102	-12.488194	▁subconscious
8103	-12.488212	▁horseback
8104	-12.488237	▁Bryn
8105	-12.488265	▁glance
8106	-12.488358	▁Safe
8107	-12.488424	▁Run
8108	-12.488531	▁secretary
8109	-12.488568	▁ditch
8110	-12.488828	▁amongst
8111	-12.488965	▁driveway
8112	-12.489497	▁disrespected
8113	-12.489880	▁Bless
8114	-12.490416	▁Tami
8115	-12.490497	▁Shit
8116	-12.491135	▁cus
8117	-12.491227	▁tearing
8118	-12.491368	▁Join
8119	-12.491412	▁resource
8120	-12.492054	▁discovering
8121	-12.493434	▁passive
8122	-12.494764	▁Gun
8123	-12.495979	▁india
8124	-12.497705	▁moody
8125	-12.500196	▁smelling
8126	-12.500283	▁rocket
8127	-12.500462	▁Currently
8128	-12.500462	▁attribute
8129	-12.500462	▁autumn
8130	-12.500462	▁capacity
8131	-12.500462	▁diaper
8132	-12.500462	▁exploit
8133	-12.500462	▁inconsiderate
8134	-12.500462	▁interior
8135	-12.500463	▁Honor
8136	-12.500463	▁Greek
8137	-12.500465	▁grape
8138	-12.500465	▁psychological
8139	-12.500467	▁ambition
8140	-12.500468	▁strawberry
8141	-12.500473	▁edgy
8142	-12.500513	▁scoop
8143	-12.500653	▁BBC
8144	-12.500656	▁withdrawal
8145	-12.500922	▁wholesome
8146	-12.501048	▁passage
8147	-12.501231	▁invented
8148	-12.501323	▁summertime
8149	-12.501560	▁medal
8150	-12.501567	▁accountable
8151	-12.501685	▁CO
8152	-12.501982	▁badass
8153	-12.502635	▁rebel
8154	-12.502789	▁discovery
8155	-12.502791	▁insulting
8156	-12.503482	▁stupidity
8157	-12.503530	▁trolling
8158	-12.504283	▁cigarette
8159	-12.504363	▁responded
8160	-12.504538	▁dearly
8161	-12.506557	▁dunk
8162	-12.507083	▁Greg
8163	-12.508402	▁mistaken
8164	-12.508951	▁rode
8165	-12.509111	▁expressed
8166	-12.509561	▁Brook
8167	-12.510096	Don
8168	-12.511050	cture
8169	-12.511428	▁intend
8170	-12.511640	▁curse
8171	-12.512088	▁distress
8172	-12.512961	▁Eventually
8173	-12.512961	▁Video
8174	-12.512961	▁absurd
8175	-12.512961	▁insecurities
8176	-12.512961	▁intensity
8177	-12.512961	▁junior
8178	-12.512961	▁mechanism
8179	-12.512961	▁negotiate
8180	-12.512961	▁portfolio
8181	-12.512961	▁prestigious
8182	-12.512961	▁stadium
8183	-12.512961	▁syndrome
8184	-12.512964	▁urban
8185	-12.512976	▁crust
8186	-12.512977	▁obama
8187	-12.512982	look
8188	-12.512997	▁Little
8189	-12.513010	▁Revolutionary
8190	-12.513015	▁mentor
8191	-12.513027	▁Tonight
8192	-12.513057	▁Lakers
8193	-12.513067	▁trait
8194	-12.513088	▁govern
8195	-12.513117	▁blade
8196	-12.513176	▁Bush
8197	-12.513496	▁wr
8198	-12.513513	▁aspiring
8199	-12.513570	▁pra
8200	-12.513758	▁china
8201	-12.514068	▁Eat
8202	-12.514112	▁delayed
8203	-12.514623	▁mustang
8204	-12.514731	▁scheduled
8205	-12.514876	They
8206	-12.514956	▁Flo
8207	-12.515406	▁chuckle
8208	-12.515799	▁Food
8209	-12.516260	▁wal
8210	-12.516482	ission
8211	-12.520377	▁Demi
8212	-12.520855	lance
8213	-12.522446	▁crab
8214	-12.522543	\""
8215	-12.522970	▁pond
8216	-12.523987	▁longest
8217	-12.524837	▁Jad
8218	-12.525011	▁TE
8219	-12.525125	▁thorough
8220	-12.525272	▁origin
8221	-12.525575	order
8222	-12.525620	▁Hamilton
8223	-12.525620	▁Kansas
8224	-12.525620	▁dishonest
8225	-12.525620	▁ibuprofen
8226	-12.525620	▁oxygen
8227	-12.525620	▁replied
8228	-12.525620	▁rubbish
8229	-12.525620	▁tragedy
8230	-12.525620	▁underneath
8231	-12.525620	▁august
8232	-12.525620	▁infinite
8233	-12.525620	▁ladder
8234	-12.525621	▁empire
8235	-12.525622	▁OUT
8236	-12.525646	▁downhill
8237	-12.525648	▁ginger
8238	-12.525678	▁dragged
8239	-12.525706	▁Somewhere
8240	-12.525781	▁Destin
8241	-12.525826	▁trophy
8242	-12.525871	▁lump
8243	-12.525949	▁sexuality
8244	-12.525964	▁Dani
8245	-12.526924	▁linger
8246	-12.527122	▁accordingly
8247	-12.527349	▁difficulties
8248	-12.527493	▁consuming
8249	-12.527497	▁twisted
8250	-12.527677	▁Cur
8251	-12.527714	▁Mali
8252	-12.528112	▁consumer
8253	-12.528234	▁Gray
8254	-12.528275	Lo
8255	-12.528543	▁Lev
8256	-12.528636	▁seal
8257	-12.530069	awa
8258	-12.530080	▁YOUR
8259	-12.530749	▁Korea
8260	-12.531724	▁formed
8261	-12.531816	▁remaining
8262	-12.532698	▁adam
8263	-12.532887	▁Sch
8264	-12.532903	▁Bon
8265	-12.534337	▁Cho
8266	-12.534415	walk
8267	-12.535067	▁mic
8268	-12.535116	HH
8269	-12.536124	▁DA
8270	-12.537069	▁Aya
8271	-12.537860	▁extend
8272	-12.537947	▁immediate
8273	-12.538238	▁fluent
8274	-12.538440	▁invitation
8275	-12.538441	▁Civic
8276	-12.538441	▁Coffee
8277	-12.538441	▁Jersey
8278	-12.538441	▁cheesy
8279	-12.538441	▁feminist
8280	-12.538441	▁filter
8281	-12.538441	▁firefighter
8282	-12.538441	▁gluten
8283	-12.538441	▁heartbeat
8284	-12.538441	▁janitor
8285	-12.538441	▁scientific
8286	-12.538441	▁swollen
8287	-12.538442	▁illusion
8288	-12.538442	▁landmarks
8289	-12.538442	▁whining
8290	-12.538445	▁allergy
8291	-12.538445	▁dental
8292	-12.538446	▁knack
8293	-12.538458	▁Hillary
8294	-12.538463	▁employment
8295	-12.538463	▁juggle
8296	-12.538465	▁suitcase
8297	-12.538471	▁Japanese
8298	-12.538483	▁^(
8299	-12.538486	▁seemingly
8300	-12.538517	▁humid
8301	-12.538578	▁NYC
8302	-12.538649	▁litter
8303	-12.538696	▁minority
8304	-12.538707	▁reverse
8305	-12.538778	▁disagreement
8306	-12.538853	▁tuna
8307	-12.539245	▁equi
8308	-12.539624	▁homemade
8309	-12.539747	▁bedtime
8310	-12.539840	▁planner
8311	-12.539880	▁crawling
8312	-12.540163	▁Mae
8313	-12.540593	▁Julie
8314	-12.540736	▁disciplined
8315	-12.541488	▁pole
8316	-12.541718	▁poly
8317	-12.542114	▁switched
8318	-12.542267	IM
8319	-12.542933	▁BS
8320	-12.543159	▁frog
8321	-12.543403	▁hay
8322	-12.543528	▁Heat
8323	-12.544326	▁decor
8324	-12.548004	▁itchy
8325	-12.548251	▁nah
8326	-12.548551	ific
8327	-12.548823	fact
8328	-12.549613	▁CD
8329	-12.550969	mates
8330	-12.551427	▁drastic
8331	-12.551427	▁manifest
8332	-12.551428	▁Toronto
8333	-12.551428	▁fifteen
8334	-12.551428	▁goddess
8335	-12.551428	▁preserve
8336	-12.551428	▁september
8337	-12.551428	▁skipped
8338	-12.551429	▁RIP
8339	-12.551429	▁mysterious
8340	-12.551430	▁Alaska
8341	-12.551434	▁blink
8342	-12.551435	▁GET
8343	-12.551445	▁Anderson
8344	-12.551459	▁Francisco
8345	-12.551460	▁asthma
8346	-12.551519	▁diverse
8347	-12.551521	▁insightful
8348	-12.551534	▁Season
8349	-12.551585	▁priest
8350	-12.551664	▁cunt
8351	-12.551721	▁misses
8352	-12.551869	▁Cross
8353	-12.552062	▁witnesses
8354	-12.552116	▁lightning
8355	-12.552135	▁sexist
8356	-12.552135	▁vice
8357	-12.552787	▁chin
8358	-12.552914	▁lace
8359	-12.553008	Mi
8360	-12.553079	▁roasted
8361	-12.553415	▁largest
8362	-12.553506	▁Carmel
8363	-12.553537	▁flown
8364	-12.553547	▁pounding
8365	-12.553614	▁Pen
8366	-12.553845	▁dumped
8367	-12.554155	▁Dear
8368	-12.554930	▁AP
8369	-12.556069	▁shocking
8370	-12.556746	count
8371	-12.557351	stitution
8372	-12.558001	▁contributed
8373	-12.558714	DR
8374	-12.558722	▁verb
8375	-12.560287	▁thesis
8376	-12.560558	craft
8377	-12.560719	▁breakup
8378	-12.560814	▁enjoyment
8379	-12.561643	misunderstanding
8380	-12.561905	▁shovel
8381	-12.564586	▁Central
8382	-12.564586	▁Dragon
8383	-12.564586	▁XYZ
8384	-12.564586	▁ancestors
8385	-12.564586	▁crunch
8386	-12.564586	▁destructive
8387	-12.564586	▁empowered
8388	-12.564586	▁exposure
8389	-12.564586	▁flexibility
8390	-12.564586	▁intrigued
8391	-12.564586	▁michigan
8392	-12.564586	▁nuclear
8393	-12.564586	▁prescription
8394	-12.564586	▁regain
8395	-12.564586	▁simultaneously
8396	-12.564588	▁declare
8397	-12.564590	▁assigned
8398	-12.564590	▁survey
8399	-12.564667	▁verge
8400	-12.564685	▁mashed
8401	-12.564705	▁cabinet
8402	-12.564708	▁announcement
8403	-12.564714	▁pork
8404	-12.564815	▁invade
8405	-12.564839	▁replacement
8406	-12.564842	▁Nike
8407	-12.564916	▁popping
8408	-12.565088	▁edition
8409	-12.565621	▁spur
8410	-12.566092	▁slacking
8411	-12.566396	▁lineup
8412	-12.566433	▁divided
8413	-12.566556	▁prescribed
8414	-12.566564	▁cord
8415	-12.566627	▁fox
8416	-12.566964	CU
8417	-12.567364	▁restore
8418	-12.567471	▁Ric
8419	-12.567583	▁spine
8420	-12.567595	▁tasted
8421	-12.567996	▁spy
8422	-12.568450	▁Cro
8423	-12.568574	▁separated
8424	-12.569230	▁flush
8425	-12.569519	▁fiance
8426	-12.570011	▁dun
8427	-12.570168	▁cheerful
8428	-12.570334	berg
8429	-12.570463	▁herbs
8430	-12.570812	▁Fucking
8431	-12.572556	home
8432	-12.572581	last
8433	-12.572679	GH
8434	-12.573016	who
8435	-12.573425	▁Lisa
8436	-12.576217	▁protecting
8437	-12.576914	dress
8438	-12.577421	▁legitimate
8439	-12.577918	▁abstract
8440	-12.577918	▁composition
8441	-12.577919	▁Beyonce
8442	-12.577919	▁Catholic
8443	-12.577919	▁admiring
8444	-12.577919	▁claustrophobic
8445	-12.577919	▁glorious
8446	-12.577919	▁helmet
8447	-12.577919	▁passenger
8448	-12.577919	▁syrup
8449	-12.577920	▁salmon
8450	-12.577922	▁frightening
8451	-12.577928	▁Stephen
8452	-12.577930	▁harvest
8453	-12.577941	▁lemonade
8454	-12.577948	▁Beatles
8455	-12.577953	▁cherry
8456	-12.577964	▁whale
8457	-12.577984	▁hardcore
8458	-12.578015	▁crystal
8459	-12.578015	▁stiff
8460	-12.578025	▁stunt
8461	-12.578098	▁moronic
8462	-12.578121	▁awoke
8463	-12.578150	▁electricity
8464	-12.578267	▁Kevin
8465	-12.578314	▁Haram
8466	-12.578470	▁hangover
8467	-12.578486	▁prick
8468	-12.578511	▁Wanna
8469	-12.578670	▁phil
8470	-12.578684	▁Rich
8471	-12.578797	▁midst
8472	-12.578937	▁selected
8473	-12.579308	▁spiritually
8474	-12.579386	▁kisses
8475	-12.579734	case
8476	-12.580271	▁directed
8477	-12.580273	▁panda
8478	-12.581605	▁guaranteed
8479	-12.581779	▁streaming
8480	-12.582216	▁vid
8481	-12.582971	takes
8482	-12.583797	▁veggie
8483	-12.584002	izer
8484	-12.584235	▁sur
8485	-12.585482	▁pastor
8486	-12.587090	▁pep
8487	-12.587669	▁intern
8488	-12.588837	Can
8489	-12.589268	▁Kayle
8490	-12.589681	▁rating
8491	-12.590584	▁Agree
8492	-12.590807	shit
8493	-12.590919	▁inform
8494	-12.591433	▁Brazil
8495	-12.591433	▁Fiorina
8496	-12.591433	▁Swift
8497	-12.591433	▁Www
8498	-12.591433	▁arrogant
8499	-12.591433	▁diligent
8500	-12.591433	▁earthquake
8501	-12.591433	▁protagonist
8502	-12.591433	▁supervisor
8503	-12.591433	▁underwear
8504	-12.591433	▁unpredictable
8505	-12.591433	▁unworthy
8506	-12.591434	▁Business
8507	-12.591434	▁fetish
8508	-12.591434	▁saddened
8509	-12.591439	▁fireworks
8510	-12.591445	▁pedal
8511	-12.591550	▁Auntie
8512	-12.591583	▁slavery
8513	-12.591588	▁comfortably
8514	-12.591683	▁judgmental
8515	-12.591943	▁Rachel
8516	-12.591954	▁fro
8517	-12.592002	blog
8518	-12.592105	▁reasonably
8519	-12.592247	▁intentional
8520	-12.592360	▁stats
8521	-12.592562	▁rail
8522	-12.592874	▁Bee
8523	-12.593238	▁Jeri
8524	-12.594221	▁shove
8525	-12.594403	▁conflicted
8526	-12.594531	▁ken
8527	-12.594628	▁cloth
8528	-12.594764	▁rig
8529	-12.594930	"""
8530	-12.595196	▁unfairly
8531	-12.595771	▁Hate
8532	-12.596324	▁Bree
8533	-12.596560	▁sang
8534	-12.596785	▁rolled
8535	-12.597309	OD
8536	-12.597644	▁heated
8537	-12.598497	▁centered
8538	-12.598617	▁Hor
8539	-12.599761	▁corrected
8540	-12.599927	▁totaled
8541	-12.600177	▁desired
8542	-12.600282	▁darker
8543	-12.600575	▁loosen
8544	-12.600865	▁recommending
8545	-12.600997	▁Dash
8546	-12.601138	everything
8547	-12.601309	RY
8548	-12.601381	▁sorta
8549	-12.602871	obi
8550	-12.603640	▁Sara
8551	-12.603741	▁NA
8552	-12.603858	▁combine
8553	-12.603967	▁proved
8554	-12.604731	▁Final
8555	-12.605131	▁Bahamas
8556	-12.605131	▁Together
8557	-12.605131	▁afloat
8558	-12.605131	▁clarity
8559	-12.605131	▁concentrating
8560	-12.605131	▁exclude
8561	-12.605131	▁franchise
8562	-12.605131	▁january
8563	-12.605131	▁migraine
8564	-12.605131	▁punctual
8565	-12.605131	▁puppies
8566	-12.605131	▁supplement
8567	-12.605131	▁triangle
8568	-12.605136	▁barrier
8569	-12.605160	▁giggle
8570	-12.605174	▁Oooo
8571	-12.605186	▁moderate
8572	-12.605220	▁valley
8573	-12.605270	▁western
8574	-12.605320	▁mileage
8575	-12.605329	▁Niko
8576	-12.605332	▁denial
8577	-12.605347	▁prius
8578	-12.605418	▁allowance
8579	-12.605453	▁betrayal
8580	-12.605550	▁acid
8581	-12.606099	▁Briana
8582	-12.606232	▁Terri
8583	-12.606608	▁gel
8584	-12.606658	▁fuss
8585	-12.606835	▁grilled
8586	-12.606926	▁gathered
8587	-12.606937	▁beforehand
8588	-12.606984	▁chris
8589	-12.607319	▁yelled
8590	-12.607382	▁sack
8591	-12.607981	▁legally
8592	-12.608120	▁climbed
8593	-12.608707	▁destroying
8594	-12.608935	▁crushing
8595	-12.609130	▁maintaining
8596	-12.609370	▁Allah
8597	-12.610045	▁murdered
8598	-12.610228	▁Cassi
8599	-12.610242	▁performed
8600	-12.610246	▁skilled
8601	-12.610282	▁hoop
8602	-12.610859	▁brushing
8603	-12.611341	▁reviewing
8604	-12.611377	▁dresser
8605	-12.611645	▁Inter
8606	-12.612219	▁bay
8607	-12.612457	dditionally
8608	-12.612628	bad
8609	-12.615096	child
8610	-12.616181	talk
8611	-12.616854	▁lust
8612	-12.618299	For
8613	-12.618388	▁withdraw
8614	-12.619020	▁Nintendo
8615	-12.619020	▁Wisconsin
8616	-12.619020	▁anticipate
8617	-12.619020	▁commission
8618	-12.619020	▁cricket
8619	-12.619020	▁fracture
8620	-12.619020	▁gallery
8621	-12.619020	▁happiest
8622	-12.619020	▁luggage
8623	-12.619020	▁reconsider
8624	-12.619020	▁survival
8625	-12.619020	▁wicked
8626	-12.619021	▁repeatedly
8627	-12.619029	▁closure
8628	-12.619031	▁inventory
8629	-12.619033	▁whiskey
8630	-12.619048	▁entrance
8631	-12.619059	▁Rolling
8632	-12.619096	▁dragging
8633	-12.619105	▁harassment
8634	-12.619107	▁Social
8635	-12.619119	▁Boko
8636	-12.619144	▁slightest
8637	-12.619329	▁playground
8638	-12.619482	▁eco
8639	-12.619697	▁flee
8640	-12.619817	▁uncertainty
8641	-12.620137	▁atheist
8642	-12.620248	▁coco
8643	-12.620351	▁idol
8644	-12.620655	▁seeds
8645	-12.621732	▁approved
8646	-12.622187	▁comeback
8647	-12.622556	▁barn
8648	-12.623497	La
8649	-12.625560	▁blocking
8650	-12.627059	▁approached
8651	-12.627742	▁cutie
8652	-12.628631	NY
8653	-12.629111	perfect
8654	-12.629245	▁quiz
8655	-12.629536	How
8656	-12.629696	▁sucker
8657	-12.630677	▁hoo
8658	-12.630701	▁drum
8659	-12.631458	▁Sub
8660	-12.631553	▁tug
8661	-12.631707	▁viewers
8662	-12.631895	mind
8663	-12.632214	▁Know
8664	-12.632537	▁candle
8665	-12.633042	▁Egypt
8666	-12.633104	▁Morning
8667	-12.633104	▁advocate
8668	-12.633104	▁bachelor
8669	-12.633104	▁burrito
8670	-12.633104	▁cheesecake
8671	-12.633104	▁convention
8672	-12.633104	▁neutral
8673	-12.633104	▁refugee
8674	-12.633104	▁suffocating
8675	-12.633104	▁unsettled
8676	-12.633104	▁vocabulary
8677	-12.633104	▁wrinkle
8678	-12.633105	▁buddies
8679	-12.633105	▁proving
8680	-12.633105	▁twelve
8681	-12.633107	▁committee
8682	-12.633107	▁creator
8683	-12.633110	▁terri
8684	-12.633128	▁HAVE
8685	-12.633130	▁Kurt
8686	-12.633137	▁gallon
8687	-12.633236	▁contractions
8688	-12.633303	▁steer
8689	-12.633307	▁stitches
8690	-12.633318	▁diner
8691	-12.633335	▁Kerry
8692	-12.633346	▁Camry
8693	-12.633372	▁Jace
8694	-12.633389	▁bride
8695	-12.633401	▁Fox
8696	-12.633469	▁trek
8697	-12.633488	And
8698	-12.633701	▁hoodie
8699	-12.633770	▁loyalty
8700	-12.633851	▁setback
8701	-12.633878	▁stating
8702	-12.633939	▁initially
8703	-12.633947	▁competent
8704	-12.634165	▁pickles
8705	-12.634173	▁regretting
8706	-12.634204	▁Knowing
8707	-12.634592	▁DC
8708	-12.635144	▁effortless
8709	-12.635712	▁Thankfully
8710	-12.637966	Fi
8711	-12.638124	▁loudly
8712	-12.638224	▁scratching
8713	-12.638368	▁dj
8714	-12.639155	▁healed
8715	-12.640188	pun
8716	-12.640205	▁bash
8717	-12.640704	headed
8718	-12.641188	▁woken
8719	-12.641282	yyy
8720	-12.641534	▁cutest
8721	-12.641546	▁poke
8722	-12.641587	▁Jae
8723	-12.641977	▁geo
8724	-12.643032	▁Mass
8725	-12.643397	world
8726	-12.643563	MB
8727	-12.644504	▁Amen
8728	-12.646071	▁educate
8729	-12.646470	▁introvert
8730	-12.646898	▁apparent
8731	-12.647368	▁bankrupt
8732	-12.647389	▁revisit
8733	-12.647390	▁Virginia
8734	-12.647390	▁Walmart
8735	-12.647390	▁bipolar
8736	-12.647390	▁ethnic
8737	-12.647390	▁foremost
8738	-12.647390	▁hairstyle
8739	-12.647390	▁horrifying
8740	-12.647390	▁incorporate
8741	-12.647390	▁mixture
8742	-12.647390	▁perception
8743	-12.647390	▁qualify
8744	-12.647390	▁removing
8745	-12.647390	▁volleyball
8746	-12.647391	▁Power
8747	-12.647393	▁scoring
8748	-12.647396	▁nickname
8749	-12.647396	▁stroll
8750	-12.647420	▁Minecraft
8751	-12.647438	▁Battle
8752	-12.647461	▁IMO
8753	-12.647506	▁Usa
8754	-12.647556	▁Luke
8755	-12.647582	▁firing
8756	-12.647687	▁dehydrated
8757	-12.647877	▁representation
8758	-12.648039	▁Port
8759	-12.648821	▁disorient
8760	-12.648823	▁severely
8761	-12.649465	▁clueless
8762	-12.649607	▁sane
8763	-12.649816	▁Feeling
8764	-12.651363	▁influenced
8765	-12.651849	▁slot
8766	-12.652104	▁Juan
8767	-12.653162	stock
8768	-12.653691	▁poo
8769	-12.653815	FA
8770	-12.654620	▁err
8771	-12.655399	bone
8772	-12.656569	▁Island
8773	-12.656967	▁playoff
8774	-12.657176	bro
8775	-12.657719	school
8776	-12.657884	defense
8777	-12.657887	mobile
8778	-12.657888	▁obsess
8779	-12.658959	▁Lean
8780	-12.659607	▁paw
8781	-12.660267	RU
8782	-12.660733	▁fame
8783	-12.661882	▁SUV
8784	-12.661882	▁WITH
8785	-12.661882	▁anguish
8786	-12.661882	▁clerk
8787	-12.661882	▁cooperate
8788	-12.661882	▁corporation
8789	-12.661882	▁extension
8790	-12.661882	▁generosity
8791	-12.661882	▁grandkids
8792	-12.661882	▁impulse
8793	-12.661882	▁ludicrous
8794	-12.661882	▁molecule
8795	-12.661882	▁october
8796	-12.661882	▁salsa
8797	-12.661882	▁sluggish
8798	-12.661882	▁starbucks
8799	-12.661882	▁welfare
8800	-12.661882	▁whistle
8801	-12.661883	▁bieber
8802	-12.661883	▁ritual
8803	-12.661884	▁visible
8804	-12.661886	▁tedious
8805	-12.661893	▁retain
8806	-12.661894	▁braces
8807	-12.661894	▁retreat
8808	-12.661894	▁terminal
8809	-12.661905	▁squat
8810	-12.661916	▁wheat
8811	-12.661922	▁retro
8812	-12.661939	▁Dancing
8813	-12.661956	▁premier
8814	-12.661969	▁bunny
8815	-12.661980	▁exceptionally
8816	-12.662009	▁engagement
8817	-12.662036	▁Pride
8818	-12.662074	▁Grey
8819	-12.662365	▁Liam
8820	-12.662522	▁pod
8821	-12.662747	▁ABC
8822	-12.662854	▁logically
8823	-12.662889	▁bland
8824	-12.663143	▁colorful
8825	-12.663166	▁secondary
8826	-12.663561	▁drowning
8827	-12.663565	▁Ohhh
8828	-12.663582	▁firsthand
8829	-12.663785	▁vomiting
8830	-12.663904	▁Bye
8831	-12.663995	▁intro
8832	-12.664503	▁smith
8833	-12.664933	▁Grow
8834	-12.665669	▁Couldn
8835	-12.665848	▁fb
8836	-12.666108	▁reap
8837	-12.666518	▁dub
8838	-12.666771	~
8839	-12.668391	ask
8840	-12.668940	▁Head
8841	-12.669438	▁publicly
8842	-12.671230	▁boxing
8843	-12.673087	water
8844	-12.673188	Cubs
8845	-12.673384	▁gag
8846	-12.673441	still
8847	-12.673941	GO
8848	-12.674928	▁boi
8849	-12.675089	ugg
8850	-12.675438	check
8851	-12.675496	▁satisfy
8852	-12.675891	▁invent
8853	-12.676255	▁Late
8854	-12.676547	▁resent
8855	-12.676588	▁BMW
8856	-12.676588	▁hollywood
8857	-12.676589	▁Exercise
8858	-12.676589	▁Lexus
8859	-12.676589	▁Seinfeld
8860	-12.676589	▁Starbucks
8861	-12.676589	▁affirm
8862	-12.676589	▁dignified
8863	-12.676589	▁heritage
8864	-12.676589	▁lurking
8865	-12.676589	▁orchestra
8866	-12.676589	▁participating
8867	-12.676589	▁perfume
8868	-12.676589	▁statue
8869	-12.676589	▁stoked
8870	-12.676589	▁unfold
8871	-12.676590	▁caramel
8872	-12.676591	▁grabbing
8873	-12.676592	▁barefoot
8874	-12.676592	▁behaving
8875	-12.676597	▁noodle
8876	-12.676622	▁domestic
8877	-12.676643	▁Xbox
8878	-12.676655	▁Cameron
8879	-12.676694	▁viking
8880	-12.676817	▁Jeff
8881	-12.676822	▁Water
8882	-12.676900	▁Peter
8883	-12.676990	▁suspended
8884	-12.676991	escent
8885	-12.677155	▁Each
8886	-12.677413	▁biased
8887	-12.677423	▁Angela
8888	-12.677447	▁Stand
8889	-12.677569	▁haul
8890	-12.677681	▁uber
8891	-12.677905	▁Six
8892	-12.678142	▁Beach
8893	-12.678205	itis
8894	-12.678300	▁interrupted
8895	-12.678526	▁Aug
8896	-12.678741	rue
8897	-12.679070	▁Talking
8898	-12.679164	▁zip
8899	-12.679537	▁denying
8900	-12.679828	▁chilly
8901	-12.680248	▁ethical
8902	-12.680948	▁insert
8903	-12.681058	▁scratched
8904	-12.681705	▁Marcel
8905	-12.682139	▁largely
8906	-12.682384	▁thriller
8907	-12.682613	nice
8908	-12.685270	▁dang
8909	-12.685611	▁tickle
8910	-12.685618	▁Leg
8911	-12.686742	▁Corin
8912	-12.686851	▁elect
8913	-12.688055	friendly
8914	-12.688696	though
8915	-12.689440	▁fulfill
8916	-12.689801	▁peel
8917	-12.691065	▁horn
8918	-12.691108	pop
8919	-12.691186	▁elder
8920	-12.691512	▁architect
8921	-12.691514	▁Canadian
8922	-12.691514	▁Harvard
8923	-12.691514	▁Knicks
8924	-12.691514	▁Orleans
8925	-12.691514	▁Tennessee
8926	-12.691514	▁Thanksgiving
8927	-12.691514	▁Yankees
8928	-12.691514	▁clarification
8929	-12.691514	▁comprehend
8930	-12.691514	▁dictator
8931	-12.691514	▁tendency
8932	-12.691514	▁wizard
8933	-12.691514	▁yourselves
8934	-12.691515	▁Jeremy
8935	-12.691515	▁curry
8936	-12.691516	▁africa
8937	-12.691516	▁stereotype
8938	-12.691517	▁earrings
8939	-12.691517	▁korean
8940	-12.691518	▁Word
8941	-12.691521	▁amorous
8942	-12.691552	▁spoon
8943	-12.691553	▁Police
8944	-12.691581	▁legacy
8945	-12.691590	▁traumatic
8946	-12.691610	▁Elvis
8947	-12.691612	▁flipping
8948	-12.691682	▁Spring
8949	-12.691727	▁russian
8950	-12.691829	▁alex
8951	-12.692093	▁fluently
8952	-12.692152	▁Souls
8953	-12.692236	▁denied
8954	-12.692595	▁indicate
8955	-12.692760	▁Heaven
8956	-12.692826	▁Bella
8957	-12.692848	▁Emme
8958	-12.694030	▁peach
8959	-12.694703	▁drafted
8960	-12.694719	▁stretching
8961	-12.695944	▁repeating
8962	-12.696804	▁fist
8963	-12.697529	▁fran
8964	-12.699617	▁relying
8965	-12.700000	▁rider
8966	-12.700665	▁politician
8967	-12.702292	cream
8968	-12.702673	through
8969	-12.702728	changing
8970	-12.703196	base
8971	-12.703982	▁Viv
8972	-12.706665	▁Arizona
8973	-12.706665	▁Depends
8974	-12.706665	▁Jacque
8975	-12.706665	▁Majesty
8976	-12.706665	▁Miguel
8977	-12.706665	▁appliance
8978	-12.706665	▁carpenter
8979	-12.706665	▁clutch
8980	-12.706665	▁compensate
8981	-12.706665	▁concentration
8982	-12.706665	▁contrast
8983	-12.706665	▁dynamic
8984	-12.706665	▁elbow
8985	-12.706665	▁evolve
8986	-12.706665	▁humiliating
8987	-12.706665	▁infuriated
8988	-12.706665	▁involving
8989	-12.706665	▁liquid
8990	-12.706665	▁precise
8991	-12.706665	▁regulation
8992	-12.706665	▁rookie
8993	-12.706665	▁universal
8994	-12.706666	▁Jamaica
8995	-12.706667	▁jungle
8996	-12.706667	▁partially
8997	-12.706667	▁reckon
8998	-12.706668	▁blatant
8999	-12.706669	▁wrench
9000	-12.706671	▁motive
9001	-12.706691	▁Sports
9002	-12.706704	▁Chief
9003	-12.706706	▁louis
9004	-12.706731	▁Egyptian
9005	-12.706810	▁surge
9006	-12.706859	▁Hoping
9007	-12.706869	▁unconscious
9008	-12.706920	▁france
9009	-12.706923	▁pony
9010	-12.706958	▁furry
9011	-12.707088	▁wax
9012	-12.707164	▁yep
9013	-12.707173	▁pageant
9014	-12.707196	▁Human
9015	-12.707221	▁shutting
9016	-12.707313	▁conspiracy
9017	-12.707452	▁mustache
9018	-12.707605	▁arranged
9019	-12.707680	▁playlist
9020	-12.707994	▁consist
9021	-12.708103	▁stan
9022	-12.708127	▁xD
9023	-12.708329	▁cramped
9024	-12.708527	▁cone
9025	-12.708644	▁Gov
9026	-12.708749	▁Maxim
9027	-12.708900	▁Starting
9028	-12.709667	▁rewarded
9029	-12.710187	▁crushed
9030	-12.710191	▁Grandpa
9031	-12.710521	DC
9032	-12.711182	▁Helping
9033	-12.711408	▁tide
9034	-12.711604	▁Amar
9035	-12.711875	▁switching
9036	-12.712175	▁reacted
9037	-12.712270	▁stresses
9038	-12.714013	lick
9039	-12.715396	▁forgiven
9040	-12.715798	▁Demetri
9041	-12.716461	▁GM
9042	-12.716955	▁Marie
9043	-12.718048	father
9044	-12.718107	Mom
9045	-12.718430	Good
9046	-12.718453	▁Buy
9047	-12.720164	▁Die
9048	-12.720441	▁drain
9049	-12.720885	▁expose
9050	-12.720991	wen
9051	-12.721195	▁batch
9052	-12.721972	▁reception
9053	-12.722016	▁remorse
9054	-12.722050	▁ASAP
9055	-12.722050	▁Chevy
9056	-12.722050	▁NEW
9057	-12.722050	▁Oliseh
9058	-12.722050	▁Practice
9059	-12.722050	▁Sydney
9060	-12.722050	▁Thrones
9061	-12.722050	▁UFO
9062	-12.722050	▁accessories
9063	-12.722050	▁articulate
9064	-12.722050	▁bracelet
9065	-12.722050	▁corvette
9066	-12.722050	▁decrease
9067	-12.722050	▁enthralled
9068	-12.722050	▁equivalent
9069	-12.722050	▁fifty
9070	-12.722050	▁mediocre
9071	-12.722050	▁pepperoni
9072	-12.722050	▁thief
9073	-12.722050	▁unmotivated
9074	-12.722051	▁reducing
9075	-12.722052	▁Samsung
9076	-12.722053	▁temptation
9077	-12.722059	▁melody
9078	-12.722061	▁Close
9079	-12.722095	▁Saint
9080	-12.722095	▁witty
9081	-12.722110	▁Julian
9082	-12.722198	▁Tiger
9083	-12.722244	▁flavorful
9084	-12.722244	▁spotlight
9085	-12.722404	▁stray
9086	-12.722645	▁Amber
9087	-12.722881	▁rally
9088	-12.723191	▁Anton
9089	-12.723274	▁bush
9090	-12.723386	▁betting
9091	-12.723615	▁bien
9092	-12.724380	▁humbled
9093	-12.724416	▁dyed
9094	-12.724440	▁excessive
9095	-12.724813	▁stretched
9096	-12.725418	▁Fish
9097	-12.725472	▁emp
9098	-12.727629	open
9099	-12.728084	pick
9100	-12.728418	itty
9101	-12.728964	▁Ela
9102	-12.729758	▁Awe
9103	-12.729966	▁attempting
9104	-12.730537	▁Rec
9105	-12.732551	▁Lib
9106	-12.733593	▁Cate
9107	-12.733755	class
9108	-12.734189	▁accuse
9109	-12.734227	▁marvel
9110	-12.734238	human
9111	-12.734749	▁HER
9112	-12.734912	▁Pop
9113	-12.735492	▁NC
9114	-12.737035	▁weirdo
9115	-12.737675	▁Blake
9116	-12.737675	▁Jasper
9117	-12.737675	▁aquarium
9118	-12.737675	▁controversial
9119	-12.737675	▁describing
9120	-12.737675	▁evolution
9121	-12.737675	▁execute
9122	-12.737675	▁lesbian
9123	-12.737675	▁misplaced
9124	-12.737675	▁olympic
9125	-12.737675	▁shepherd
9126	-12.737675	▁splash
9127	-12.737675	▁underestimate
9128	-12.737675	▁vaccine
9129	-12.737676	▁Spider
9130	-12.737676	▁footsteps
9131	-12.737676	▁vodka
9132	-12.737677	▁cynical
9133	-12.737677	▁essence
9134	-12.737679	▁canadian
9135	-12.737679	▁mysteries
9136	-12.737687	▁twitch
9137	-12.737691	▁chubby
9138	-12.737696	▁seminar
9139	-12.737707	▁daniel
9140	-12.737707	▁paddle
9141	-12.737711	▁intrude
9142	-12.737718	▁exhaustion
9143	-12.737750	▁gummy
9144	-12.737753	▁Disneyland
9145	-12.737753	▁percentage
9146	-12.737755	▁receptionist
9147	-12.737812	▁joe
9148	-12.737843	▁delusional
9149	-12.737935	▁predictable
9150	-12.738048	▁Cause
9151	-12.738063	▁Superman
9152	-12.738111	▁Army
9153	-12.738371	▁hellip
9154	-12.738397	▁relive
9155	-12.739017	▁Mitch
9156	-12.739204	▁forgetful
9157	-12.740209	▁mold
9158	-12.744479	▁reacting
9159	-12.746601	icated
9160	-12.747297	▁belonged
9161	-12.747930	ulated
9162	-12.747931	▁Beat
9163	-12.749059	▁Uni
9164	-12.751495	GB
9165	-12.752399	▁sip
9166	-12.752658	ological
9167	-12.753398	▁stitch
9168	-12.753541	▁neighbour
9169	-12.753548	▁Bernie
9170	-12.753548	▁Different
9171	-12.753548	▁Empire
9172	-12.753548	▁International
9173	-12.753548	▁Orlando
9174	-12.753548	▁attachment
9175	-12.753548	▁bacteria
9176	-12.753548	▁curtain
9177	-12.753548	▁devastating
9178	-12.753548	▁dolphin
9179	-12.753548	▁easiest
9180	-12.753548	▁explosion
9181	-12.753548	▁facial
9182	-12.753548	▁fierce
9183	-12.753548	▁intervention
9184	-12.753548	▁lettuce
9185	-12.753548	▁outweigh
9186	-12.753548	▁paradise
9187	-12.753548	▁sacrificing
9188	-12.753548	▁sarcasm
9189	-12.753548	▁sausage
9190	-12.753548	▁substance
9191	-12.753548	▁surrender
9192	-12.753549	▁amusement
9193	-12.753550	▁amazon
9194	-12.753550	▁broadcast
9195	-12.753552	▁iguana
9196	-12.753556	▁Nigeria
9197	-12.753561	▁boston
9198	-12.753573	▁underlying
9199	-12.753583	▁Navy
9200	-12.753606	▁crown
9201	-12.753633	▁Orange
9202	-12.753653	▁nonstop
9203	-12.753667	▁regime
9204	-12.753758	▁Iowa
9205	-12.753765	▁shipping
9206	-12.753851	▁roster
9207	-12.753867	▁unjust
9208	-12.753884	▁Watchman
9209	-12.753956	▁stem
9210	-12.754079	▁Found
9211	-12.754192	▁replay
9212	-12.754249	▁genetic
9213	-12.754692	▁Taco
9214	-12.754714	▁Randy
9215	-12.755538	▁MP
9216	-12.756059	▁shouting
9217	-12.756186	▁insanely
9218	-12.756194	▁Heart
9219	-12.756554	night
9220	-12.757303	gree
9221	-12.757640	staffed
9222	-12.757970	▁coal
9223	-12.758681	▁CAN
9224	-12.759005	▁socialist
9225	-12.759687	▁Ski
9226	-12.760923	▁Cru
9227	-12.763656	▁neo
9228	-12.765121	▁fluid
9229	-12.765727	This
9230	-12.766514	PM
9231	-12.767620	type
9232	-12.767900	▁fog
9233	-12.768586	born
9234	-12.769058	▁scum
9235	-12.769184	▁intellectual
9236	-12.769228	▁batter
9237	-12.769526	▁mole
9238	-12.769677	▁ESPN
9239	-12.769677	▁Metallica
9240	-12.769677	▁Venus
9241	-12.769677	▁alphabet
9242	-12.769677	▁champagne
9243	-12.769677	▁craziness
9244	-12.769677	▁gravity
9245	-12.769677	▁michael
9246	-12.769677	▁poodle
9247	-12.769677	▁precaution
9248	-12.769677	▁primarily
9249	-12.769677	▁subtract
9250	-12.769677	▁trunk
9251	-12.769677	▁versatile
9252	-12.769678	▁mexico
9253	-12.769679	▁incapable
9254	-12.769689	▁bulldog
9255	-12.769699	▁iPad
9256	-12.769700	▁chalk
9257	-12.769709	▁screenshot
9258	-12.769736	▁Middle
9259	-12.769794	▁whim
9260	-12.769829	▁barbie
9261	-12.769856	▁presidential
9262	-12.769900	▁ipod
9263	-12.770036	▁Saving
9264	-12.770061	▁Yourself
9265	-12.770138	▁slam
9266	-12.770177	▁brownies
9267	-12.770179	▁Someday
9268	-12.770308	▁stance
9269	-12.770391	▁alongside
9270	-12.770454	▁Jenna
9271	-12.770576	▁Master
9272	-12.770621	AAA
9273	-12.771255	▁installed
9274	-12.771389	▁cursed
9275	-12.771434	▁Cake
9276	-12.771437	▁morally
9277	-12.771456	▁environmentally
9278	-12.771502	▁Aunt
9279	-12.771583	▁chewing
9280	-12.771614	▁registered
9281	-12.771667	UM
9282	-12.771867	▁consumed
9283	-12.772211	▁goodnight
9284	-12.772226	▁daycare
9285	-12.772607	▁Pick
9286	-12.773476	▁Pope
9287	-12.773485	▁interacting
9288	-12.776389	▁Cute
9289	-12.776747	▁entr
9290	-12.778592	▁Brooklyn
9291	-12.781755	▁lung
9292	-12.781998	serving
9293	-12.782013	▁prisoner
9294	-12.782279	▁Ear
9295	-12.783422	ember
9296	-12.783484	after
9297	-12.783709	▁diver
9298	-12.785641	▁Office
9299	-12.786069	▁deduct
9300	-12.786070	▁Turkey
9301	-12.786070	▁rejuvenate
9302	-12.786071	▁Scotland
9303	-12.786071	▁accusation
9304	-12.786071	▁calendar
9305	-12.786071	▁convenience
9306	-12.786071	▁demonstrate
9307	-12.786071	▁ferrari
9308	-12.786071	▁sceptical
9309	-12.786071	▁sequel
9310	-12.786071	▁unsafe
9311	-12.786071	▁violated
9312	-12.786072	▁amendment
9313	-12.786072	▁bbq
9314	-12.786075	▁grieve
9315	-12.786077	▁april
9316	-12.786078	▁acquaintance
9317	-12.786084	▁inject
9318	-12.786087	▁Utah
9319	-12.786091	▁mainstream
9320	-12.786093	▁Small
9321	-12.786097	▁Teaching
9322	-12.786099	▁Carolina
9323	-12.786101	▁mourn
9324	-12.786108	▁wolf
9325	-12.786109	▁ocd
9326	-12.786147	▁Hawk
9327	-12.786193	▁Timmy
9328	-12.786219	▁mortal
9329	-12.786251	▁shitpost
9330	-12.786263	▁echo
9331	-12.786274	▁bias
9332	-12.786334	▁shady
9333	-12.786564	▁poker
9334	-12.786633	▁cum
9335	-12.786804	▁countless
9336	-12.786883	▁cluttered
9337	-12.787730	▁leftover
9338	-12.787914	▁vow
9339	-12.788137	▁European
9340	-12.788775	▁bruised
9341	-12.788978	▁Angeli
9342	-12.789017	▁overrated
9343	-12.789422	▁Mommy
9344	-12.789494	▁recovered
9345	-12.791050	▁swinging
9346	-12.792228	▁Amari
9347	-12.792351	hard
9348	-12.793231	▁bury
9349	-12.794233	fun
9350	-12.794683	▁Ariel
9351	-12.794781	▁Jamal
9352	-12.794956	▁booth
9353	-12.795692	▁conditioner
9354	-12.796676	rock
9355	-12.798725	insert
9356	-12.799047	New
9357	-12.799174	little
9358	-12.800872	▁dur
9359	-12.801414	▁perceive
9360	-12.801821	▁disconnect
9361	-12.802736	▁Olympic
9362	-12.802737	▁According
9363	-12.802737	▁Science
9364	-12.802737	▁alabama
9365	-12.802737	▁analyze
9366	-12.802737	▁astronaut
9367	-12.802737	▁complement
9368	-12.802737	▁concise
9369	-12.802737	▁continent
9370	-12.802737	▁crossroads
9371	-12.802737	▁custody
9372	-12.802737	▁damaging
9373	-12.802737	▁external
9374	-12.802737	▁irritating
9375	-12.802737	▁liquor
9376	-12.802737	▁shampoo
9377	-12.802737	▁sloppy
9378	-12.802737	▁sprained
9379	-12.802737	▁suffocate
9380	-12.802737	▁vigorous
9381	-12.802737	▁villain
9382	-12.802738	▁Clean
9383	-12.802738	▁Oregon
9384	-12.802738	▁revolve
9385	-12.802738	▁swift
9386	-12.802743	▁tolerance
9387	-12.802747	▁psychologist
9388	-12.802754	▁Breck
9389	-12.802767	▁boredom
9390	-12.802794	▁Storm
9391	-12.802839	▁honda
9392	-12.802875	▁preferred
9393	-12.802932	▁journalism
9394	-12.802935	▁HOW
9395	-12.802960	▁silk
9396	-12.803005	▁bushes
9397	-12.803020	▁righteous
9398	-12.803059	▁habitat
9399	-12.803071	▁Left
9400	-12.803082	▁motherhood
9401	-12.803137	▁Daily
9402	-12.803503	▁countryside
9403	-12.803782	▁heartbreaking
9404	-12.803883	▁Marley
9405	-12.803945	osi
9406	-12.804848	▁encountered
9407	-12.805291	▁Sex
9408	-12.805609	▁Maine
9409	-12.806063	▁lending
9410	-12.806097	▁clay
9411	-12.807649	▁pou
9412	-12.812760	rose
9413	-12.813294	▁Messi
9414	-12.813455	▁Wild
9415	-12.813913	▁wil
9416	-12.814287	▁Aye
9417	-12.815569	▁rumor
9418	-12.817023	counter
9419	-12.817053	▁contradict
9420	-12.817256	▁wig
9421	-12.817444	Fine
9422	-12.818885	▁construct
9423	-12.819408	▁chap
9424	-12.819668	▁Champion
9425	-12.819686	▁civic
9426	-12.819686	▁debating
9427	-12.819686	▁infrastructure
9428	-12.819686	▁legislat
9429	-12.819686	▁luxurious
9430	-12.819686	▁receipt
9431	-12.819686	▁trivial
9432	-12.819687	▁capturing
9433	-12.819687	▁reunion
9434	-12.819687	▁sunrise
9435	-12.819688	▁curb
9436	-12.819688	▁replies
9437	-12.819689	▁Movie
9438	-12.819691	▁predator
9439	-12.819691	▁uplifting
9440	-12.819693	▁requirements
9441	-12.819705	▁obese
9442	-12.819715	▁teddy
9443	-12.819717	▁FUCKING
9444	-12.819729	evaluate
9445	-12.819736	▁properties
9446	-12.819740	▁pearl
9447	-12.819753	▁thunder
9448	-12.819758	▁Country
9449	-12.819801	▁leash
9450	-12.819804	▁poking
9451	-12.819810	▁minister
9452	-12.819841	▁patron
9453	-12.819846	▁Java
9454	-12.819904	▁shortcut
9455	-12.819949	▁copies
9456	-12.819968	▁conviction
9457	-12.819972	▁gentlemen
9458	-12.819976	▁Pink
9459	-12.820004	▁workshop
9460	-12.820057	▁Forget
9461	-12.820069	▁yarn
9462	-12.820251	▁elderly
9463	-12.820277	▁hover
9464	-12.821043	▁ramp
9465	-12.821141	▁transported
9466	-12.821258	▁Corn
9467	-12.821484	▁prone
9468	-12.821507	▁moan
9469	-12.821597	▁drifting
9470	-12.821995	▁intent
9471	-12.822056	▁accurately
9472	-12.822143	BR
9473	-12.823853	oops
9474	-12.824883	▁identifi
9475	-12.826100	▁arc
9476	-12.828918	▁WAS
9477	-12.832953	knit
9478	-12.833971	▁defender
9479	-12.834519	clock
9480	-12.834777	your
9481	-12.834881	▁neglect
9482	-12.835165	▁brag
9483	-12.835264	▁expectation
9484	-12.835694	▁amaze
9485	-12.835876	▁bleed
9486	-12.835948	vision
9487	-12.836908	▁slut
9488	-12.836927	▁Atlanta
9489	-12.836927	▁Kardashian
9490	-12.836927	▁McDonald
9491	-12.836927	▁McKenzie
9492	-12.836927	▁anonymous
9493	-12.836927	▁applaud
9494	-12.836927	▁captivating
9495	-12.836927	▁flavour
9496	-12.836927	▁innocence
9497	-12.836927	▁navigate
9498	-12.836927	▁oatmeal
9499	-12.836927	▁trustworthy
9500	-12.836927	▁vivid
9501	-12.836929	▁Moving
9502	-12.836934	▁conform
9503	-12.836945	▁refusing
9504	-12.836946	▁reform
9505	-12.836948	▁hollow
9506	-12.836958	▁smack
9507	-12.836978	▁rugby
9508	-12.836980	▁Richard
9509	-12.836983	▁harmony
9510	-12.837014	▁continually
9511	-12.837031	▁expertise
9512	-12.837063	▁yuck
9513	-12.837070	▁snapping
9514	-12.837175	▁latter
9515	-12.837214	▁Brant
9516	-12.837284	▁barking
9517	-12.837329	▁Laugh
9518	-12.837477	▁exhibition
9519	-12.837816	▁mentality
9520	-12.838165	▁draining
9521	-12.838239	▁unlikely
9522	-12.838328	▁smashed
9523	-12.838663	▁boiled
9524	-12.838736	▁px
9525	-12.838970	▁betraying
9526	-12.839526	▁revealing
9527	-12.839998	▁doom
9528	-12.840132	▁Mira
9529	-12.840907	ivity
9530	-12.841699	stick
9531	-12.842484	▁swam
9532	-12.847055	HU
9533	-12.848104	luck
9534	-12.848915	▁strengthen
9535	-12.850182	▁specialist
9536	-12.851270	bird
9537	-12.852180	▁disco
9538	-12.853335	▁Hayle
9539	-12.853693	▁heartbreak
9540	-12.854471	▁Charles
9541	-12.854471	▁Crazy
9542	-12.854471	▁Favorite
9543	-12.854471	▁Festival
9544	-12.854471	▁McGregor
9545	-12.854471	▁Soccer
9546	-12.854471	▁bogged
9547	-12.854471	▁celebrities
9548	-12.854471	▁comfy
9549	-12.854471	▁empowering
9550	-12.854471	▁fundamental
9551	-12.854471	▁insecurity
9552	-12.854471	▁integrity
9553	-12.854471	▁mosquito
9554	-12.854471	▁nostalgia
9555	-12.854471	▁sneezing
9556	-12.854471	▁treadmill
9557	-12.854471	▁trilogy
9558	-12.854471	▁unappreciated
9559	-12.854471	▁zebra
9560	-12.854472	▁FBI
9561	-12.854472	▁exotic
9562	-12.854472	▁muslim
9563	-12.854472	▁rubbing
9564	-12.854472	▁shield
9565	-12.854472	▁suppress
9566	-12.854473	wracking
9567	-12.854474	▁honeymoon
9568	-12.854475	▁BUT
9569	-12.854476	▁versus
9570	-12.854489	▁bulb
9571	-12.854504	▁immune
9572	-12.854504	▁vagina
9573	-12.854508	▁Jessica
9574	-12.854508	▁Stephan
9575	-12.854508	▁mournful
9576	-12.854527	▁flashlight
9577	-12.854562	▁aspire
9578	-12.854567	▁legendary
9579	-12.854615	▁Michelle
9580	-12.854647	▁resistance
9581	-12.854706	▁ruling
9582	-12.854708	▁speck
9583	-12.854717	▁Zoe
9584	-12.854779	▁angst
9585	-12.854812	▁Serena
9586	-12.854815	▁ONE
9587	-12.854831	▁wallow
9588	-12.854893	▁Chance
9589	-12.854940	▁Roger
9590	-12.855118	▁breakdown
9591	-12.855122	▁DJ
9592	-12.855352	▁Miley
9593	-12.855515	▁kayaking
9594	-12.855533	▁Beck
9595	-12.855710	▁shiver
9596	-12.855755	▁marine
9597	-12.856355	▁Cash
9598	-12.856497	▁Face
9599	-12.856502	▁proposed
9600	-12.856682	▁revealed
9601	-12.856718	▁Zari
9602	-12.857015	▁rental
9603	-12.857459	▁educational
9604	-12.857479	▁jane
9605	-12.857774	ground
9606	-12.860371	▁Cruz
9607	-12.861799	tien
9608	-12.862936	gur
9609	-12.864418	▁cleanse
9610	-12.866649	eller
9611	-12.868218	writing
9612	-12.869144	UL
9613	-12.870905	▁Jun
9614	-12.871572	▁threaten
9615	-12.872329	▁apologise
9616	-12.872329	▁believable
9617	-12.872329	▁diabetic
9618	-12.872329	▁financing
9619	-12.872329	▁gospel
9620	-12.872329	▁infected
9621	-12.872329	▁insomnia
9622	-12.872329	▁irrelevant
9623	-12.872329	▁mundane
9624	-12.872329	▁nirvana
9625	-12.872329	▁occupy
9626	-12.872329	▁opposition
9627	-12.872329	▁rambling
9628	-12.872329	▁sensible
9629	-12.872329	▁stranded
9630	-12.872329	▁unattractive
9631	-12.872329	▁uncommon
9632	-12.872329	▁warrior
9633	-12.872329	▁widow
9634	-12.872330	▁exceed
9635	-12.872338	▁woeful
9636	-12.872341	▁puddle
9637	-12.872343	▁bundle
9638	-12.872352	▁colonists
9639	-12.872357	▁milestone
9640	-12.872365	▁cowboy
9641	-12.872384	▁republican
9642	-12.872388	▁jogging
9643	-12.872403	▁Sanders
9644	-12.872403	▁saint
9645	-12.872404	▁babysitter
9646	-12.872412	▁Britain
9647	-12.872472	▁submitted
9648	-12.872497	▁ownership
9649	-12.872561	▁Bank
9650	-12.872568	▁Labor
9651	-12.872590	▁elite
9652	-12.872597	▁Rep
9653	-12.872692	west
9654	-12.872729	▁Fight
9655	-12.872802	▁Stranger
9656	-12.872824	▁consciousness
9657	-12.872897	▁Lions
9658	-12.873534	▁manipulated
9659	-12.873750	▁perceived
9660	-12.874168	▁pirate
9661	-12.874221	▁housework
9662	-12.874298	OUR
9663	-12.874422	▁Jets
9664	-12.875916	▁losses
9665	-12.876265	▁Maha
9666	-12.879047	▁spoiler
9667	-12.880107	▁Arian
9668	-12.881227	action
9669	-12.882199	▁visa
9670	-12.883345	▁bliss
9671	-12.883413	▁Sep
9672	-12.884760	▁jon
9673	-12.885203	▁Low
9674	-12.885418	▁steve
9675	-12.885468	▁sync
9676	-12.886503	solving
9677	-12.886747	Star
9678	-12.887684	behaved
9679	-12.889165	▁Camp
9680	-12.890511	Hannibal
9681	-12.890511	▁Braun
9682	-12.890511	▁Caulfield
9683	-12.890511	▁Excited
9684	-12.890511	▁Federer
9685	-12.890511	▁Jindal
9686	-12.890511	▁Kentucky
9687	-12.890511	▁Osborne
9688	-12.890511	▁Steelers
9689	-12.890511	▁communist
9690	-12.890511	▁disregard
9691	-12.890511	▁encyclopedia
9692	-12.890511	▁envelope
9693	-12.890511	▁incompetent
9694	-12.890511	▁intimacy
9695	-12.890511	▁intolerant
9696	-12.890511	▁macaroni
9697	-12.890511	▁obligated
9698	-12.890511	▁pagetitle
9699	-12.890511	▁razor
9700	-12.890511	▁reschedule
9701	-12.890511	▁sightseeing
9702	-12.890511	▁soundtrack
9703	-12.890511	▁strategic
9704	-12.890511	▁stylist
9705	-12.890511	▁superficial
9706	-12.890511	▁swamped
9707	-12.890511	▁unlucky
9708	-12.890544	▁memorize
9709	-12.890587	▁password
9710	-12.890615	▁Lillyan
9711	-12.890651	▁Biden
9712	-12.890695	▁Tommy
9713	-12.890825	▁teasing
9714	-12.890866	▁reset
9715	-12.890886	▁committing
9716	-12.890890	▁unconditionally
9717	-12.890899	▁Carey
9718	-12.891026	▁Officer
9719	-12.891339	▁paul
9720	-12.891507	▁gentleman
9721	-12.891685	▁introverted
9722	-12.891726	▁newborn
9723	-12.891751	▁pronounce
9724	-12.891932	▁Yamil
9725	-12.891950	▁Conor
9726	-12.892215	▁perry
9727	-12.892443	▁purely
9728	-12.892748	▁pumping
9729	-12.894324	▁puck
9730	-12.895095	▁lens
9731	-12.895483	▁pitcher
9732	-12.896504	ERS
9733	-12.897275	▁Name
9734	-12.897469	glo
9735	-12.901082	plication
9736	-12.904113	▁extract
9737	-12.907705	▁stumble
9738	-12.907894	▁Kyli
9739	-12.907928	▁kayak
9740	-12.908111	▁clutter
9741	-12.908890	▁confide
9742	-12.909029	▁Bruno
9743	-12.909029	▁Complete
9744	-12.909029	▁Junior
9745	-12.909029	▁biscuit
9746	-12.909029	▁diarrhea
9747	-12.909029	▁dictate
9748	-12.909029	▁execution
9749	-12.909029	▁frazzled
9750	-12.909029	▁glimpse
9751	-12.909029	▁hypocrite
9752	-12.909029	▁inevitably
9753	-12.909029	▁juggling
9754	-12.909029	▁mermaid
9755	-12.909029	▁mortgage
9756	-12.909029	▁overslept
9757	-12.909029	▁principal
9758	-12.909029	▁recruit
9759	-12.909029	▁servant
9760	-12.909029	▁straightforward
9761	-12.909029	▁testimony
9762	-12.909029	▁translation
9763	-12.909029	▁unpopular
9764	-12.909030	▁Denver
9765	-12.909030	▁crutch
9766	-12.909030	▁sniff
9767	-12.909030	▁swept
9768	-12.909031	▁Easy
9769	-12.909031	▁husky
9770	-12.909032	▁Forgive
9771	-12.909034	▁shellfish
9772	-12.909037	▁tumor
9773	-12.909045	▁😂😂
9774	-12.909047	▁boutique
9775	-12.909056	▁Cakeday
9776	-12.909059	▁vegas
9777	-12.909061	▁Thailand
9778	-12.909063	▁hippie
9779	-12.909067	▁pleasing
9780	-12.909068	▁Parade
9781	-12.909101	automatic
9782	-12.909205	▁disability
9783	-12.909211	▁Davis
9784	-12.909246	▁Gotcha
9785	-12.909341	▁tremendously
9786	-12.909501	▁Train
9787	-12.909628	▁branches
9788	-12.909720	▁chant
9789	-12.909734	▁Drive
9790	-12.909781	▁voters
9791	-12.909821	▁WW
9792	-12.909869	▁Tough
9793	-12.910112	▁giveaway
9794	-12.910131	▁knowledgeable
9795	-12.910225	▁controller
9796	-12.910355	▁stumbled
9797	-12.910357	▁Fishing
9798	-12.910369	▁Isabel
9799	-12.914411	▁pug
9800	-12.915969	yvon
9801	-12.918602	▁Bryan
9802	-12.923769	▁jewel
9803	-12.923896	WWE
9804	-12.923902	organized
9805	-12.923904	which
9806	-12.923912	social
9807	-12.925545	Day
9808	-12.925819	▁symptom
9809	-12.926284	▁awaken
9810	-12.927410	▁Honest
9811	-12.927700	▁instruct
9812	-12.927873	▁depart
9813	-12.927896	▁Harrison
9814	-12.927896	▁Vancouver
9815	-12.927897	▁Snoop
9816	-12.927897	▁Ultimate
9817	-12.927897	▁Woah
9818	-12.927897	▁academy
9819	-12.927897	▁balcony
9820	-12.927897	▁chevy
9821	-12.927897	▁condemn
9822	-12.927897	▁default
9823	-12.927897	▁escalate
9824	-12.927897	▁fascist
9825	-12.927897	▁grieving
9826	-12.927897	▁immigration
9827	-12.927897	▁knives
9828	-12.927897	▁lifeguard
9829	-12.927897	▁masterpiece
9830	-12.927897	▁metaphor
9831	-12.927897	▁narrative
9832	-12.927897	▁outstanding
9833	-12.927897	▁propaganda
9834	-12.927897	▁radiation
9835	-12.927897	▁sacred
9836	-12.927897	▁scandal
9837	-12.927897	▁skunk
9838	-12.927897	▁transgender
9839	-12.927897	▁variable
9840	-12.927897	▁wolves
9841	-12.927898	▁Worst
9842	-12.927900	▁skull
9843	-12.927907	▁absent
9844	-12.927908	▁headphones
9845	-12.927910	▁drummer
9846	-12.927917	▁tweak
9847	-12.927932	▁shred
9848	-12.927953	▁dried
9849	-12.927966	▁slob
9850	-12.928011	▁cattle
9851	-12.928024	▁tempting
9852	-12.928035	▁Mount
9853	-12.928109	▁Cheating
9854	-12.928132	▁veins
9855	-12.928215	stein
9856	-12.928233	▁Giants
9857	-12.928297	▁personalities
9858	-12.928301	▁dense
9859	-12.928318	▁nude
9860	-12.928329	▁Irish
9861	-12.928488	▁lime
9862	-12.928514	▁County
9863	-12.928521	▁Kenny
9864	-12.928550	▁barrel
9865	-12.928664	▁Union
9866	-12.928699	▁kidney
9867	-12.928842	▁raid
9868	-12.928889	rte
9869	-12.929128	▁soulmate
9870	-12.929222	▁XD
9871	-12.929347	▁outrageous
9872	-12.929771	▁beatles
9873	-12.931713	▁trace
9874	-12.932125	PL
9875	-12.935820	metric
9876	-12.941435	▁jay
9877	-12.943076	heat
9878	-12.945891	▁chuck
9879	-12.946119	▁santa
9880	-12.946355	▁blond
9881	-12.946474	▁victor
9882	-12.947127	▁Cleveland
9883	-12.947127	▁Grateful
9884	-12.947127	▁Olivia
9885	-12.947127	▁acquire
9886	-12.947127	▁arriving
9887	-12.947127	▁bargain
9888	-12.947127	▁cheerleader
9889	-12.947127	▁extensive
9890	-12.947127	▁fifth
9891	-12.947127	▁greasy
9892	-12.947127	▁numerous
9893	-12.947127	▁optimism
9894	-12.947127	▁participant
9895	-12.947127	▁pretzel
9896	-12.947127	▁producing
9897	-12.947127	▁rainforest
9898	-12.947127	▁rectangle
9899	-12.947127	▁releasing
9900	-12.947127	▁shattered
9901	-12.947127	▁unbelievably
9902	-12.947127	▁uninspired
9903	-12.947128	▁Joseph
9904	-12.947128	▁fisherman
9905	-12.947128	▁gymnastics
9906	-12.947128	▁proportion
9907	-12.947128	▁pulse
9908	-12.947128	▁slaughter
9909	-12.947129	▁overthinking
9910	-12.947132	▁skydive
9911	-12.947137	▁typo
9912	-12.947142	▁Adrian
9913	-12.947147	▁arcade
9914	-12.947152	▁Mountain
9915	-12.947154	▁archery
9916	-12.947154	▁bulk
9917	-12.947155	▁satire
9918	-12.947156	▁implications
9919	-12.947163	▁Louisiana
9920	-12.947163	▁Pepper
9921	-12.947169	▁Flying
9922	-12.947175	▁knight
9923	-12.947178	▁General
9924	-12.947195	▁entries
9925	-12.947204	▁israel
9926	-12.947208	▁seattle
9927	-12.947213	▁quarterback
9928	-12.947250	▁hallway
9929	-12.947250	▁ironically
9930	-12.947258	▁Gwen
9931	-12.947274	▁underground
9932	-12.947275	▁chemo
9933	-12.947296	▁tagged
9934	-12.947319	▁Story
9935	-12.947371	▁lenses
9936	-12.947848	▁legitimately
9937	-12.947869	▁scattered
9938	-12.947900	▁Sign
9939	-12.947979	▁offseason
9940	-12.948462	▁Kelly
9941	-12.948502	▁contractor
9942	-12.948638	▁kale
9943	-12.948798	▁Bang
9944	-12.949257	▁Mariah
9945	-12.949652	▁modest
9946	-12.951104	▁deni
9947	-12.951105	▁damp
9948	-12.951194	▁drunken
9949	-12.954568	▁digg
9950	-12.955546	woo
9951	-12.956116	▁testify
9952	-12.957391	▁Coral
9953	-12.957817	▁pap
9954	-12.962529	lute
9955	-12.962757	boyfriend
9956	-12.963433	▁Tali
9957	-12.963499	value
9958	-12.964351	COM
9959	-12.965412	▁manipulate
9960	-12.965896	▁Keon
9961	-12.966269	▁Count
9962	-12.966561	▁halo
9963	-12.966732	phobic
9964	-12.966732	▁persist
9965	-12.966735	▁Secret
9966	-12.966735	▁artifact
9967	-12.966736	▁Amendment
9968	-12.966736	▁Fantastic
9969	-12.966736	▁Marriage
9970	-12.966736	▁Minnesota
9971	-12.966736	▁REALLY
9972	-12.966736	▁accommodate
9973	-12.966736	▁bouncing
9974	-12.966736	▁chord
9975	-12.966736	▁feasible
9976	-12.966736	▁february
9977	-12.966736	▁impolite
9978	-12.966736	▁lmfao
9979	-12.966736	▁narcissist
9980	-12.966736	▁pessimistic
9981	-12.966736	▁resilient
9982	-12.966736	▁technician
9983	-12.966736	▁vibration
9984	-12.966737	▁Nature
9985	-12.966737	▁atleast
9986	-12.966738	▁beverage
9987	-12.966738	▁marginal
9988	-12.966739	▁Bentley
9989	-12.966742	▁toyota
9990	-12.966745	▁transaction
9991	-12.966746	▁particles
9992	-12.966747	▁steep
9993	-12.966751	▁bestseller
9994	-12.966751	▁telephone
9995	-12.966752	▁biological
9996	-12.966766	▁transferred
9997	-12.966775	▁render
9998	-12.966779	▁beagle
9999	-12.966782	▁eighteen
10000	-12.966822	▁footprint
10001	-12.966836	▁Jill
10002	-12.966852	▁addictive
10003	-12.966853	▁mount
10004	-12.966862	▁Audri
10005	-12.966865	▁donuts
10006	-12.966881	▁Knight
10007	-12.966902	▁unfriendly
10008	-12.966982	▁operating
10009	-12.967027	▁Clearly
10010	-12.967072	▁Step
10011	-12.967143	▁fright
10012	-12.967306	Class
10013	-12.967399	▁tenant
10014	-12.967442	▁snip
10015	-12.967628	▁expressive
10016	-12.967914	▁Truly
10017	-12.968019	▁SAT
10018	-12.968304	▁preacher
10019	-12.969631	▁erase
10020	-12.970937	▁Desi
10021	-12.972072	▁Graci
10022	-12.975210	▁Teen
10023	-12.979912	▁wool
10024	-12.982434	rounded
10025	-12.982741	birth
10026	-12.982741	cooked
10027	-12.984084	▁Lilian
10028	-12.985868	▁honour
10029	-12.986102	▁wrestle
10030	-12.986735	▁Barcelona
10031	-12.986735	▁Children
10032	-12.986735	▁Monsanto
10033	-12.986735	▁Parenthood
10034	-12.986735	▁Pennsylvania
10035	-12.986735	▁Scarlet
10036	-12.986735	▁Undertaker
10037	-12.986735	▁WHY
10038	-12.986735	▁Writing
10039	-12.986735	▁cocktail
10040	-12.986735	▁competitor
10041	-12.986735	▁component
10042	-12.986735	▁evolving
10043	-12.986735	▁lactose
10044	-12.986735	▁laziness
10045	-12.986735	▁nominated
10046	-12.986735	▁singapore
10047	-12.986735	▁snobbish
10048	-12.986735	▁trophies
10049	-12.986735	▁unbearable
10050	-12.986736	▁obtain
10051	-12.986736	▁reflex
10052	-12.986736	▁rifle
10053	-12.986736	▁snoop
10054	-12.986736	▁stomp
10055	-12.986736	▁tornado
10056	-12.986737	▁clingy
10057	-12.986737	▁greek
10058	-12.986738	▁diversity
10059	-12.986740	▁toothbrush
10060	-12.986741	▁animation
10061	-12.986748	▁Kirk
10062	-12.986750	▁tasting
10063	-12.986751	▁tactic
10064	-12.986754	▁glamourous
10065	-12.986756	▁Beckham
10066	-12.986769	▁shaving
10067	-12.986778	▁soothe
10068	-12.986790	▁plague
10069	-12.986801	▁cease
10070	-12.986811	▁sarah
10071	-12.986812	▁Mustang
10072	-12.986836	▁Leigh
10073	-12.986869	▁melting
10074	-12.986870	▁groom
10075	-12.986877	▁softball
10076	-12.986891	▁rubber
10077	-12.986973	▁Nathan
10078	-12.986978	▁champ
10079	-12.987016	▁traitor
10080	-12.987022	▁nfl
10081	-12.987054	▁momentum
10082	-12.987259	▁Considering
10083	-12.987327	▁THEY
10084	-12.987382	▁Jovan
10085	-12.987428	▁ltr
10086	-12.987725	▁bearable
10087	-12.987890	▁Valentine
10088	-12.988070	▁Feb
10089	-12.989159	THE
10090	-12.990624	LES
10091	-12.991552	▁electro
10092	-12.993995	ledge
10093	-13.001395	▁Case
10094	-13.003142	informed
10095	-13.003160	prepared
10096	-13.003225	mouth
10097	-13.005551	▁Vol
10098	-13.005927	▁hahahaha
10099	-13.006664	▁Strange
10100	-13.006925	▁delusion
10101	-13.007143	▁Direction
10102	-13.007143	▁Origin
10103	-13.007144	SummerSlam
10104	-13.007144	▁JUST
10105	-13.007144	▁Vincent
10106	-13.007144	▁Yellow
10107	-13.007144	▁anatomy
10108	-13.007144	▁congress
10109	-13.007144	▁desperation
10110	-13.007144	▁endurance
10111	-13.007144	▁horrid
10112	-13.007144	▁jeopardy
10113	-13.007144	▁meatloaf
10114	-13.007144	▁negotiation
10115	-13.007144	▁penalty
10116	-13.007144	▁scuba
10117	-13.007144	▁tangible
10118	-13.007145	▁ministry
10119	-13.007145	▁warehouse
10120	-13.007146	▁lounge
10121	-13.007147	▁patrol
10122	-13.007148	▁premise
10123	-13.007157	▁GOOD
10124	-13.007164	▁anchor
10125	-13.007168	MLB
10126	-13.007174	▁iconic
10127	-13.007181	▁Antonio
10128	-13.007183	▁emerge
10129	-13.007188	▁Planned
10130	-13.007192	▁compost
10131	-13.007194	▁Tired
10132	-13.007195	▁shook
10133	-13.007200	▁TIL
10134	-13.007205	▁cosplay
10135	-13.007215	▁chopping
10136	-13.007233	▁deserving
10137	-13.007312	▁Kpop
10138	-13.007321	▁bullies
10139	-13.007347	▁Drake
10140	-13.007372	▁Thai
10141	-13.007420	▁quad
10142	-13.007426	▁Duke
10143	-13.007501	▁Michel
10144	-13.007504	▁NOW
10145	-13.007627	▁showcase
10146	-13.007688	▁Whoever
10147	-13.007755	▁organs
10148	-13.007919	▁kink
10149	-13.007994	▁electrical
10150	-13.008017	▁Neat
10151	-13.008645	▁cries
10152	-13.009511	wash
10153	-13.009907	▁Josi
10154	-13.010997	AKE
10155	-13.011351	▁claw
10156	-13.012066	▁swap
10157	-13.012752	▁delightful
10158	-13.013431	▁Catch
10159	-13.015552	▁redhead
10160	-13.017089	master
10161	-13.020401	▁Micha
10162	-13.022141	▁kite
10163	-13.022684	▁Amil
10164	-13.023880	hearted
10165	-13.023985	people
10166	-13.024580	▁Susan
10167	-13.026709	▁counsel
10168	-13.027483	▁frequent
10169	-13.027529	▁Whit
10170	-13.027925	▁detect
10171	-13.027955	▁babysit
10172	-13.027966	▁flex
10173	-13.027972	coordinate
10174	-13.027976	▁definitive
10175	-13.027977	▁Argentina
10176	-13.027977	▁Baltimore
10177	-13.027977	▁analogy
10178	-13.027977	▁analyst
10179	-13.027977	▁blackjack
10180	-13.027977	▁cafeteria
10181	-13.027977	▁chorus
10182	-13.027977	▁column
10183	-13.027977	▁contagious
10184	-13.027977	▁cucumber
10185	-13.027977	▁efficiency
10186	-13.027977	▁enormous
10187	-13.027977	▁evident
10188	-13.027977	▁forecast
10189	-13.027977	▁housewife
10190	-13.027977	▁intimidating
10191	-13.027977	▁leisure
10192	-13.027977	▁nutritious
10193	-13.027977	▁orientation
10194	-13.027977	▁photosynthesis
10195	-13.027977	▁pineapple
10196	-13.027977	▁proposing
10197	-13.027977	▁rehearsal
10198	-13.027977	▁skeleton
10199	-13.027977	▁subscription
10200	-13.027977	▁toothpaste
10201	-13.027977	▁unrealistic
10202	-13.027978	▁ounce
10203	-13.027979	▁parallel
10204	-13.027980	▁treading
10205	-13.027981	▁sermon
10206	-13.027983	▁dvd
10207	-13.027985	▁moped
10208	-13.027988	▁germs
10209	-13.027991	▁funnier
10210	-13.027999	▁generic
10211	-13.028007	▁insects
10212	-13.028009	▁charities
10213	-13.028009	▁sedan
10214	-13.028026	▁Short
10215	-13.028028	▁feather
10216	-13.028029	▁proofread
10217	-13.028037	▁pantry
10218	-13.028044	▁minimize
10219	-13.028054	▁gasp
10220	-13.028090	▁misread
10221	-13.028093	▁melted
10222	-13.028097	▁sixteen
10223	-13.028152	▁Wilson
10224	-13.028177	▁Stuff
10225	-13.028237	▁Lynn
10226	-13.028421	▁guardian
10227	-13.028434	▁confrontation
10228	-13.028470	▁filthy
10229	-13.028614	▁withdrawn
10230	-13.028650	▁intake
10231	-13.028691	▁kris
10232	-13.028724	▁reign
10233	-13.028937	▁Philly
10234	-13.029284	▁enable
10235	-13.029430	▁radical
10236	-13.029639	▁bribe
10237	-13.029784	▁yup
10238	-13.031627	▁Seren
10239	-13.033587	▁comb
10240	-13.034185	▁hideous
10241	-13.035454	▁Anali
10242	-13.035997	▁gif
10243	-13.036998	▁neuro
10244	-13.041568	▁Photo
10245	-13.042720	▁Carol
10246	-13.043756	▁digi
10247	-13.043894	▁Cree
10248	-13.045260	crazy
10249	-13.045270	Just
10250	-13.046891	▁hog
10251	-13.047877	▁arrange
10252	-13.048558	▁Todd
10253	-13.049253	▁Merkel
10254	-13.049253	▁Mockingbird
10255	-13.049253	▁Schumer
10256	-13.049253	▁Special
10257	-13.049253	▁Stupid
10258	-13.049253	▁appreciating
10259	-13.049253	▁bikini
10260	-13.049253	▁censor
10261	-13.049253	▁chihuahua
10262	-13.049253	▁cuddly
10263	-13.049253	▁executive
10264	-13.049253	▁globe
10265	-13.049253	▁introducing
10266	-13.049253	▁microwave
10267	-13.049253	▁occupied
10268	-13.049253	▁paramedic
10269	-13.049253	▁perpetual
10270	-13.049253	▁recognise
10271	-13.049253	▁repetitive
10272	-13.049253	▁sophisticated
10273	-13.049253	▁striking
10274	-13.049253	▁subtitles
10275	-13.049253	▁taylor
10276	-13.049253	▁valentine
10277	-13.049254	▁confined
10278	-13.049254	▁delegate
10279	-13.049254	▁groove
10280	-13.049254	▁jimmy
10281	-13.049254	▁premium
10282	-13.049254	▁savior
10283	-13.049254	▁submission
10284	-13.049254	▁unaware
10285	-13.049255	▁muffin
10286	-13.049256	▁Packers
10287	-13.049256	▁WHO
10288	-13.049257	▁FREE
10289	-13.049258	▁Vikings
10290	-13.049259	▁bitcoin
10291	-13.049260	▁orgasm
10292	-13.049260	▁undertaking
10293	-13.049261	▁Sitting
10294	-13.049269	▁Harvey
10295	-13.049270	▁Nokia
10296	-13.049273	▁Wolf
10297	-13.049277	▁Whew
10298	-13.049281	▁Legend
10299	-13.049285	▁noisy
10300	-13.049301	▁supper
10301	-13.049307	▁preschool
10302	-13.049309	▁Portland
10303	-13.049335	▁Understandable
10304	-13.049344	▁loaf
10305	-13.049344	▁stride
10306	-13.049357	▁Geez
10307	-13.049361	▁capitalism
10308	-13.049367	▁Awards
10309	-13.049389	▁ryan
10310	-13.049390	▁pang
10311	-13.049431	▁pact
10312	-13.049441	▁Oooh
10313	-13.049448	▁underwater
10314	-13.049480	▁immerse
10315	-13.049482	▁blurry
10316	-13.049510	▁vanish
10317	-13.049547	▁Boring
10318	-13.049596	▁rewatch
10319	-13.049644	▁Half
10320	-13.049681	▁Barbie
10321	-13.049715	▁Self
10322	-13.049909	▁restroom
10323	-13.049913	▁intellectually
10324	-13.050006	▁Rings
10325	-13.050097	▁Victor
10326	-13.050131	▁Leila
10327	-13.050656	▁lj
10328	-13.050882	▁peek
10329	-13.051531	▁italy
10330	-13.051580	level
10331	-13.051688	▁Dance
10332	-13.053943	▁cue
10333	-13.062448	ARD
10334	-13.063846	uffle
10335	-13.063892	▁Burn
10336	-13.066987	together
10337	-13.067000	different
10338	-13.067065	spoken
10339	-13.068950	▁disturb
10340	-13.070133	▁celeb
10341	-13.070564	▁robber
10342	-13.070927	▁enforce
10343	-13.070941	▁Francis
10344	-13.070992	▁Ambrose
10345	-13.070992	▁Nevada
10346	-13.070992	▁Nonsense
10347	-13.070992	▁Ontario
10348	-13.070992	▁Patriots
10349	-13.070992	▁Smoking
10350	-13.070992	▁albeit
10351	-13.070992	▁algebra
10352	-13.070992	▁apathetic
10353	-13.070992	▁assessment
10354	-13.070992	▁celery
10355	-13.070992	▁complications
10356	-13.070992	▁conclude
10357	-13.070992	▁condescending
10358	-13.070992	▁dignity
10359	-13.070992	▁dishwasher
10360	-13.070992	▁eclipse
10361	-13.070992	▁elevated
10362	-13.070992	▁emphasize
10363	-13.070992	▁ferocious
10364	-13.070992	▁freckles
10365	-13.070992	▁horrific
10366	-13.070992	▁lollipop
10367	-13.070992	▁motivating
10368	-13.070992	▁reassurance
10369	-13.070992	▁replacing
10370	-13.070992	▁suspicion
10371	-13.070992	▁swimsuit
10372	-13.070992	▁tantrum
10373	-13.070992	▁tumblr
10374	-13.070992	▁turmoil
10375	-13.070993	▁Chuck
10376	-13.070993	▁ONLY
10377	-13.070993	▁pussy
10378	-13.070993	▁wilderness
10379	-13.070994	▁blunt
10380	-13.070994	▁lawsuit
10381	-13.070994	▁polar
10382	-13.070995	▁Salinger
10383	-13.070996	▁clubbing
10384	-13.070997	▁Stefan
10385	-13.070997	▁Trail
10386	-13.070997	▁exhale
10387	-13.070998	▁heavier
10388	-13.071001	▁applies
10389	-13.071001	▁observing
10390	-13.071005	▁Tampa
10391	-13.071012	▁Oops
10392	-13.071016	▁Ember
10393	-13.071017	▁pierce
10394	-13.071026	▁depict
10395	-13.071033	▁spacious
10396	-13.071038	▁Cheese
10397	-13.071042	▁Katie
10398	-13.071071	▁lobby
10399	-13.071080	▁Titan
10400	-13.071122	▁stressors
10401	-13.071149	▁authorities
10402	-13.071169	▁Anime
10403	-13.071228	▁Carolyn
10404	-13.071246	▁greenhouse
10405	-13.071248	▁loner
10406	-13.071273	▁superpower
10407	-13.071279	▁hostage
10408	-13.071303	▁repent
10409	-13.071329	▁niche
10410	-13.071397	▁Snow
10411	-13.071414	▁Bird
10412	-13.071641	▁Forever
10413	-13.071684	▁wrestler
10414	-13.071709	▁versa
10415	-13.071815	▁Papa
10416	-13.071818	▁mcdonald
10417	-13.071833	▁oak
10418	-13.071893	▁circumstance
10419	-13.071921	▁blogged
10420	-13.071957	▁Uber
10421	-13.072484	▁towed
10422	-13.072950	▁spinach
10423	-13.075145	Hugs
10424	-13.076088	▁Disco
10425	-13.076716	▁merci
10426	-13.077188	abies
10427	-13.078178	▁Samar
10428	-13.079291	▁Gisel
10429	-13.079322	▁cliche
10430	-13.083048	▁Jada
10431	-13.085186	▁slate
10432	-13.085239	▁fianc
10433	-13.086756	quality
10434	-13.089393	smith
10435	-13.093152	▁whine
10436	-13.093215	▁Celtic
10437	-13.093215	▁Cobain
10438	-13.093215	▁DNA
10439	-13.093215	▁Jupiter
10440	-13.093215	▁SCOTUS
10441	-13.093215	▁WILL
10442	-13.093215	▁comrade
10443	-13.093215	▁dabble
10444	-13.093215	▁distribute
10445	-13.093215	▁fountain
10446	-13.093215	▁horrendous
10447	-13.093215	▁obscure
10448	-13.093215	▁parmesan
10449	-13.093215	▁pedestrian
10450	-13.093215	▁purchasing
10451	-13.093215	▁revenue
10452	-13.093215	▁snorkeling
10453	-13.093215	▁unfamiliar
10454	-13.093216	▁Derby
10455	-13.093216	▁Northern
10456	-13.093216	▁stalking
10457	-13.093217	▁TIME
10458	-13.093217	▁scope
10459	-13.093217	▁serial
10460	-13.093218	▁creek
10461	-13.093219	▁Android
10462	-13.093220	▁racial
10463	-13.093229	▁Sofia
10464	-13.093235	▁midwest
10465	-13.093254	▁Comic
10466	-13.093261	▁eleven
10467	-13.093281	▁charging
10468	-13.093287	▁favour
10469	-13.093291	▁slump
10470	-13.093305	▁rehab
10471	-13.093309	▁Anybody
10472	-13.093315	▁preview
10473	-13.093449	▁Wtf
10474	-13.093450	▁Respect
10475	-13.093547	▁Fallon
10476	-13.093597	▁bolt
10477	-13.093725	▁Luis
10478	-13.093837	▁stephen
10479	-13.093981	▁retake
10480	-13.095801	UCK
10481	-13.095933	▁Link
10482	-13.103555	lug
10483	-13.105774	▁gram
10484	-13.109465	▁capitalist
10485	-13.111951	Time
10486	-13.111960	normal
10487	-13.112411	▁excess
10488	-13.115406	getter
10489	-13.115942	▁Basketball
10490	-13.115942	▁Jonathan
10491	-13.115942	▁Microsoft
10492	-13.115942	▁Oracle
10493	-13.115942	▁acknowledging
10494	-13.115942	▁acrylic
10495	-13.115942	▁almond
10496	-13.115942	▁artificial
10497	-13.115942	▁biographies
10498	-13.115942	▁caution
10499	-13.115942	▁certificate
10500	-13.115942	▁clapped
10501	-13.115942	▁compensation
10502	-13.115942	▁disobey
10503	-13.115942	▁gadget
10504	-13.115942	▁immortal
10505	-13.115942	▁isprivate
10506	-13.115942	▁kansas
10507	-13.115942	▁kidnapped
10508	-13.115942	▁miserably
10509	-13.115942	▁reciprocate
10510	-13.115942	▁recognizing
10511	-13.115942	▁registration
10512	-13.115942	▁scramble
10513	-13.115942	▁splurge
10514	-13.115942	▁symphony
10515	-13.115942	▁unproductive
10516	-13.115942	▁volcano
10517	-13.115942	▁wholeheartedly
10518	-13.115943	▁anarchist
10519	-13.115943	▁disguise
10520	-13.115943	▁sunflower
10521	-13.115944	▁conceal
10522	-13.115944	▁initiate
10523	-13.115945	▁abnormal
10524	-13.115945	▁stamina
10525	-13.115946	▁spears
10526	-13.115949	▁Henry
10527	-13.115960	▁mistreat
10528	-13.115961	▁Place
10529	-13.115961	▁pastime
10530	-13.115967	▁Championship
10531	-13.115969	▁fandom
10532	-13.115990	Rangers
10533	-13.115993	▁restrictions
10534	-13.115995	▁companionship
10535	-13.116001	▁farther
10536	-13.116009	▁geek
10537	-13.116021	▁Jeremi
10538	-13.116030	▁sipping
10539	-13.116036	▁shutdown
10540	-13.116045	▁fulfillment
10541	-13.116045	▁pinterest
10542	-13.116080	▁nudge
10543	-13.116084	▁trading
10544	-13.116092	▁handwriting
10545	-13.116177	▁solely
10546	-13.116180	▁techno
10547	-13.116425	▁Ameen
10548	-13.116649	▁bday
10549	-13.116821	▁grim
10550	-13.118919	▁rapist
10551	-13.119345	▁Ellen
10552	-13.119673	USE
10553	-13.124857	▁Penn
10554	-13.124965	▁Buck
10555	-13.127685	brainwash
10556	-13.129506	▁Kassi
10557	-13.136362	frame
10558	-13.137931	change
10559	-13.139195	▁stereo
10560	-13.139197	▁thunderstorm
10561	-13.139198	Reuters
10562	-13.139198	▁Driving
10563	-13.139198	▁Ghost
10564	-13.139198	▁Juventus
10565	-13.139198	▁Rodriguez
10566	-13.139198	▁Sweden
10567	-13.139198	▁Swimming
10568	-13.139198	▁aesthetic
10569	-13.139198	▁alligator
10570	-13.139198	▁buffalo
10571	-13.139198	▁cosmetic
10572	-13.139198	▁cuddling
10573	-13.139198	▁dictionary
10574	-13.139198	▁disgrace
10575	-13.139198	▁feminism
10576	-13.139198	▁fundraiser
10577	-13.139198	▁identical
10578	-13.139198	▁intricate
10579	-13.139198	▁introduction
10580	-13.139198	▁ketchup
10581	-13.139198	▁manufacture
10582	-13.139198	▁millennial
10583	-13.139198	▁reassuring
10584	-13.139198	▁scooter
10585	-13.139198	▁sneeze
10586	-13.139198	▁solitude
10587	-13.139198	▁substitute
10588	-13.139198	▁vaccinate
10589	-13.139199	▁Thomas
10590	-13.139200	▁Tbh
10591	-13.139202	▁nigga
10592	-13.139202	▁😂😂😂
10593	-13.139207	▁scripture
10594	-13.139212	▁benign
10595	-13.139215	▁Coast
10596	-13.139216	▁isolation
10597	-13.139236	▁Constitution
10598	-13.139242	▁compelling
10599	-13.139252	▁humour
10600	-13.139274	▁updating
10601	-13.139324	▁flea
10602	-13.139340	▁panicking
10603	-13.139368	▁suburban
10604	-13.139399	▁dawn
10605	-13.139425	▁varies
10606	-13.139430	▁Cort
10607	-13.139441	▁radar
10608	-13.139490	▁smartphone
10609	-13.139637	▁Emeli
10610	-13.139649	▁slur
10611	-13.139699	▁Jaci
10612	-13.141132	▁clash
10613	-13.146009	graphic
10614	-13.147698	▁puke
10615	-13.154890	▁Barb
10616	-13.159025	girlfriend
10617	-13.159365	woman
10618	-13.162086	▁scatter
10619	-13.162510	▁unconditional
10620	-13.163008	trndnl
10621	-13.163008	▁Erdogan
10622	-13.163008	▁Ferrari
10623	-13.163008	▁ISIS
10624	-13.163008	▁Jealous
10625	-13.163008	▁LIKE
10626	-13.163008	▁Labour
10627	-13.163008	▁Liberty
10628	-13.163008	▁Nashville
10629	-13.163008	▁Surprise
10630	-13.163008	▁WAY
10631	-13.163008	▁accuracy
10632	-13.163008	▁assembly
10633	-13.163008	▁balancing
10634	-13.163008	▁baltimore
10635	-13.163008	▁circuit
10636	-13.163008	▁destined
10637	-13.163008	▁dizziness
10638	-13.163008	▁horrified
10639	-13.163008	▁masculinity
10640	-13.163008	▁nurture
10641	-13.163008	▁occupation
10642	-13.163008	▁pandemic
10643	-13.163008	▁plumber
10644	-13.163008	▁quantum
10645	-13.163008	▁railroad
10646	-13.163008	▁recreational
10647	-13.163008	▁rhyme
10648	-13.163008	▁translator
10649	-13.163008	▁twenties
10650	-13.163008	▁unnecessarily
10651	-13.163010	provoking
10652	-13.163010	▁calculate
10653	-13.163010	▁northern
10654	-13.163011	▁DID
10655	-13.163011	▁chamber
10656	-13.163011	▁measuring
10657	-13.163011	▁ponies
10658	-13.163012	▁ideology
10659	-13.163013	▁inequality
10660	-13.163025	▁Health
10661	-13.163027	▁Canyon
10662	-13.163034	▁glitter
10663	-13.163047	▁bragging
10664	-13.163073	▁Sooner
10665	-13.163075	▁suspenseful
10666	-13.163082	▁relapse
10667	-13.163100	▁Cecil
10668	-13.163103	▁downsizing
10669	-13.163166	▁hamster
10670	-13.163208	▁revision
10671	-13.163230	▁mural
10672	-13.163239	▁cupboard
10673	-13.163245	▁advancement
10674	-13.163255	▁Emmi
10675	-13.163275	▁twinge
10676	-13.163334	▁collie
10677	-13.163352	▁acne
10678	-13.163944	▁lamb
10679	-13.164220	▁jones
10680	-13.164380	▁snug
10681	-13.166398	Hands
10682	-13.166638	▁dimension
10683	-13.167145	▁Kendal
10684	-13.171168	▁dreadful
10685	-13.177412	oiled
10686	-13.182086	▁Kerri
10687	-13.182682	▁entrepreneur
10688	-13.184999	▁jab
10689	-13.186085	▁irritate
10690	-13.187304	▁Understand
10691	-13.187398	▁Caribbean
10692	-13.187398	▁Clinton
10693	-13.187398	▁KNOW
10694	-13.187398	▁Phoenix
10695	-13.187398	▁Pittsburgh
10696	-13.187398	▁Quitting
10697	-13.187398	▁Screw
10698	-13.187398	▁XXL
10699	-13.187398	▁adequate
10700	-13.187398	▁admission
10701	-13.187398	▁asparagus
10702	-13.187398	▁blouse
10703	-13.187398	▁burglar
10704	-13.187398	▁communism
10705	-13.187398	▁contemplate
10706	-13.187398	▁contemporary
10707	-13.187398	▁contrary
10708	-13.187398	▁coordination
10709	-13.187398	▁deceive
10710	-13.187398	▁elevator
10711	-13.187398	▁embracing
10712	-13.187398	▁escaping
10713	-13.187398	▁extraordinary
10714	-13.187398	▁fingertips
10715	-13.187398	▁fossil
10716	-13.187398	▁gullible
10717	-13.187398	▁hairdresser
10718	-13.187398	▁literary
10719	-13.187398	▁marijuana
10720	-13.187398	▁moderation
10721	-13.187398	▁paranoia
10722	-13.187398	▁pursuit
10723	-13.187398	▁rebound
10724	-13.187398	▁shrug
10725	-13.187398	▁virtue
10726	-13.187398	▁wallpaper
10727	-13.187399	▁Austen
10728	-13.187399	▁Capital
10729	-13.187399	▁chemotherapy
10730	-13.187399	▁dealership
10731	-13.187399	▁downvoting
10732	-13.187399	▁enhance
10733	-13.187399	▁flipped
10734	-13.187399	▁martini
10735	-13.187400	▁postcard
10736	-13.187400	▁ultra
10737	-13.187402	▁nachos
10738	-13.187403	▁retrace
10739	-13.187404	▁auction
10740	-13.187405	▁jello
10741	-13.187407	▁scott
10742	-13.187408	▁Aaron
10743	-13.187409	▁accusing
10744	-13.187413	▁Giulia
10745	-13.187418	▁Vamps
10746	-13.187427	▁recreate
10747	-13.187455	▁copied
10748	-13.187456	▁sidelines
10749	-13.187461	▁homie
10750	-13.187473	▁enforcement
10751	-13.187479	▁frown
10752	-13.187486	▁outdated
10753	-13.187490	▁annoyance
10754	-13.187498	▁accessible
10755	-13.187529	▁enlist
10756	-13.187533	▁bingo
10757	-13.187573	▁establishment
10758	-13.187599	▁staple
10759	-13.187673	▁missionary
10760	-13.187691	▁ACT
10761	-13.187697	▁minimal
10762	-13.187737	▁tribe
10763	-13.194375	trip
10764	-13.195377	▁Opera
10765	-13.195609	▁Latin
10766	-13.196628	▁booze
10767	-13.197124	▁blissful
10768	-13.208259	cycle
10769	-13.208615	proof
10770	-13.209002	▁Radio
10771	-13.210030	▁strap
10772	-13.211085	▁discourage
10773	-13.211653	media
10774	-13.212294	▁latte
10775	-13.212398	▁Clark
10776	-13.212398	▁Possibly
10777	-13.212398	▁adversity
10778	-13.212398	▁condolences
10779	-13.212398	▁coordinator
10780	-13.212398	▁facility
10781	-13.212398	▁intuition
10782	-13.212398	▁loathe
10783	-13.212398	▁manipulative
10784	-13.212398	▁manuscript
10785	-13.212398	▁misleading
10786	-13.212398	▁monotonous
10787	-13.212398	▁oppression
10788	-13.212398	▁reconnect
10789	-13.212398	▁revelation
10790	-13.212398	▁seizure
10791	-13.212398	▁snuck
10792	-13.212398	▁spectrum
10793	-13.212398	▁substantial
10794	-13.212398	▁ulcer
10795	-13.212398	▁unwilling
10796	-13.212399	▁Yesterday
10797	-13.212399	▁autistic
10798	-13.212399	▁evoke
10799	-13.212399	▁unnatural
10800	-13.212401	▁Eastern
10801	-13.212403	▁Gerald
10802	-13.212403	▁crypto
10803	-13.212404	▁coordinated
10804	-13.212406	▁Double
10805	-13.212407	▁pepsi
10806	-13.212410	▁Oscar
10807	-13.212412	▁Smash
10808	-13.212412	▁iPod
10809	-13.212414	▁Western
10810	-13.212417	▁adoring
10811	-13.212418	▁yacht
10812	-13.212434	▁Cancer
10813	-13.212434	▁HELL
10814	-13.212435	▁scrapbook
10815	-13.212446	▁mailbox
10816	-13.212467	▁grudge
10817	-13.212472	▁persistent
10818	-13.212500	▁discord
10819	-13.212501	▁DAY
10820	-13.212507	▁Britney
10821	-13.212512	▁Patrick
10822	-13.212545	▁Anywhere
10823	-13.212592	▁Edward
10824	-13.212595	▁Hurry
10825	-13.212601	▁Amanda
10826	-13.212602	▁WOW
10827	-13.212635	▁ebook
10828	-13.212652	▁irish
10829	-13.212734	▁partnership
10830	-13.212750	▁Andrew
10831	-13.212840	▁assert
10832	-13.212877	▁narc
10833	-13.215415	athon
10834	-13.216653	▁endeavor
10835	-13.217259	▁axe
10836	-13.222494	Walk
10837	-13.223534	▁symbolic
10838	-13.225821	existent
10839	-13.226172	▁Rubi
10840	-13.236628	▁Colli
10841	-13.236725	▁dedicate
10842	-13.237022	▁Victoria
10843	-13.237506	▁greed
10844	-13.237893	▁audit
10845	-13.237972	▁advertise
10846	-13.238039	▁CNN
10847	-13.238039	▁Education
10848	-13.238039	▁Painting
10849	-13.238039	▁Project
10850	-13.238039	▁Public
10851	-13.238039	▁Society
10852	-13.238039	▁aggression
10853	-13.238039	▁baggage
10854	-13.238039	▁blossom
10855	-13.238039	▁bouquet
10856	-13.238039	▁coconut
10857	-13.238039	▁compelled
10858	-13.238039	▁contemplating
10859	-13.238039	▁eggplant
10860	-13.238039	▁eternity
10861	-13.238039	▁expansion
10862	-13.238039	▁expired
10863	-13.238039	▁hazard
10864	-13.238039	▁magnificent
10865	-13.238039	▁meditating
10866	-13.238039	▁nbsp
10867	-13.238039	▁paralyzed
10868	-13.238039	▁premature
10869	-13.238039	▁prostitute
10870	-13.238039	▁pudding
10871	-13.238039	▁reminisce
10872	-13.238039	▁ridicule
10873	-13.238039	▁slippery
10874	-13.238039	▁speculation
10875	-13.238039	▁squirm
10876	-13.238039	▁suicidal
10877	-13.238039	▁sunglasses
10878	-13.238039	▁undecided
10879	-13.238039	▁unfinished
10880	-13.238039	▁unfulfilled
10881	-13.238039	▁unintentional
10882	-13.238039	▁unprofessional
10883	-13.238039	▁utilities
10884	-13.238039	▁veterinary
10885	-13.238039	▁whipped
10886	-13.238040	▁DONT
10887	-13.238040	▁ballerina
10888	-13.238040	▁immoral
10889	-13.238040	▁senator
10890	-13.238040	▁whiny
10891	-13.238041	USOpen
10892	-13.238041	▁Grammy
10893	-13.238041	▁grease
10894	-13.238043	▁enroll
10895	-13.238044	▁Married
10896	-13.238045	▁Dutch
10897	-13.238045	▁sufficiently
10898	-13.238048	▁Square
10899	-13.238050	▁overdue
10900	-13.238050	▁Fresh
10901	-13.238052	▁tolerant
10902	-13.238054	▁Prayer
10903	-13.238077	▁bankruptcy
10904	-13.238077	▁cellphone
10905	-13.238080	▁splint
10906	-13.238085	▁Stress
10907	-13.238087	▁koala
10908	-13.238091	▁crossword
10909	-13.238118	▁placing
10910	-13.238120	▁Btw
10911	-13.238126	▁panties
10912	-13.238127	▁pledge
10913	-13.238127	▁unrest
10914	-13.238162	▁dominate
10915	-13.238162	▁labour
10916	-13.238176	▁fleeting
10917	-13.238241	▁Stock
10918	-13.238253	▁Senate
10919	-13.238260	▁buffet
10920	-13.238440	▁Adalyn
10921	-13.238446	▁bruh
10922	-13.238565	▁empathize
10923	-13.239001	▁guru
10924	-13.239429	▁Melani
10925	-13.241810	▁Ahahah
10926	-13.250386	▁revise
10927	-13.255446	parent
10928	-13.259032	▁Malik
10929	-13.260362	Maybe
10930	-13.260367	control
10931	-13.260420	something
10932	-13.260584	Sure
10933	-13.263862	▁definite
10934	-13.263984	▁froze
10935	-13.264355	ATION
10936	-13.264355	▁Ancient
10937	-13.264355	▁BBQ
10938	-13.264355	▁Detective
10939	-13.264355	▁Focus
10940	-13.264355	▁Grief
10941	-13.264355	▁LIVE
10942	-13.264355	▁Liverpool
10943	-13.264355	▁Marketing
10944	-13.264355	▁McKenna
10945	-13.264355	▁Morgan
10946	-13.264355	▁Pacific
10947	-13.264355	▁THANK
10948	-13.264355	▁Tokyo
10949	-13.264355	▁Traffic
10950	-13.264355	▁Weekend
10951	-13.264355	▁advocating
10952	-13.264355	▁aspiration
10953	-13.264355	▁coherent
10954	-13.264355	▁correlation
10955	-13.264355	▁culinary
10956	-13.264355	▁cyclist
10957	-13.264355	▁dungeon
10958	-13.264355	▁embark
10959	-13.264355	▁galleries
10960	-13.264355	▁hawaii
10961	-13.264355	▁implied
10962	-13.264355	▁inflict
10963	-13.264355	▁loathing
10964	-13.264355	▁marshmallow
10965	-13.264355	▁omelette
10966	-13.264355	▁positivity
10967	-13.264355	▁pretentious
10968	-13.264355	▁procrastinating
10969	-13.264355	▁rollercoaster
10970	-13.264355	▁simplicity
10971	-13.264355	▁spectacular
10972	-13.264355	▁squish
10973	-13.264355	▁sunburned
10974	-13.264355	▁supermarket
10975	-13.264355	▁suspension
10976	-13.264355	▁trimester
10977	-13.264355	▁unemployment
10978	-13.264355	▁unethical
10979	-13.264355	▁unsatisfied
10980	-13.264355	▁variation
10981	-13.264355	▁vigilant
10982	-13.264355	▁watermelon
10983	-13.264356	aholic
10984	-13.264356	▁Expect
10985	-13.264356	▁prioritize
10986	-13.264357	▁Study
10987	-13.264357	▁puppet
10988	-13.264358	▁Berlin
10989	-13.264358	▁Keith
10990	-13.264358	▁austin
10991	-13.264359	▁sassy
10992	-13.264367	▁flutter
10993	-13.264368	▁wretch
10994	-13.264375	▁swirl
10995	-13.264378	▁drool
10996	-13.264378	▁victorious
10997	-13.264380	▁infant
10998	-13.264384	▁berries
10999	-13.264398	▁Tesla
11000	-13.264401	▁spike
11001	-13.264403	▁foggy
11002	-13.264410	▁geez
11003	-13.264469	▁limitations
11004	-13.264477	▁ongoing
11005	-13.264503	▁durable
11006	-13.264539	▁felon
11007	-13.264556	▁caption
11008	-13.264567	▁Quick
11009	-13.267039	▁Lexi
11010	-13.269635	▁obsessive
11011	-13.269787	▁suburb
11012	-13.272098	▁gab
11013	-13.272399	▁Esp
11014	-13.277016	Phone
11015	-13.287364	consuming
11016	-13.287383	efficient
11017	-13.287384	typical
11018	-13.287470	grown
11019	-13.290049	foot
11020	-13.290741	▁filth
11021	-13.291333	▁appoint
11022	-13.291381	▁supreme
11023	-13.291382	▁Celebrity
11024	-13.291382	▁Dakota
11025	-13.291382	▁Emmanuel
11026	-13.291382	▁LMAO
11027	-13.291382	▁Liberal
11028	-13.291382	▁Lincoln
11029	-13.291382	▁Oklahoma
11030	-13.291382	▁Security
11031	-13.291382	▁Student
11032	-13.291382	▁Warriors
11033	-13.291382	▁cocaine
11034	-13.291382	▁cognitive
11035	-13.291382	▁detergent
11036	-13.291382	▁gasoline
11037	-13.291382	▁grunge
11038	-13.291382	▁incentive
11039	-13.291382	▁influential
11040	-13.291382	▁invaluable
11041	-13.291382	▁mattress
11042	-13.291382	▁rumour
11043	-13.291382	▁shoplifting
11044	-13.291382	▁shrink
11045	-13.291382	▁telescope
11046	-13.291382	▁valedictorian
11047	-13.291383	▁Passion
11048	-13.291383	▁SHE
11049	-13.291383	▁bleach
11050	-13.291383	▁reinforce
11051	-13.291384	▁Scary
11052	-13.291386	▁shepard
11053	-13.291388	▁demographic
11054	-13.291390	▁gloss
11055	-13.291391	▁charisma
11056	-13.291391	▁mythology
11057	-13.291392	▁Lewis
11058	-13.291397	▁minerals
11059	-13.291406	▁giddy
11060	-13.291420	▁thomas
11061	-13.291424	▁disturbance
11062	-13.291431	▁envision
11063	-13.291451	▁advertisement
11064	-13.291451	▁pricing
11065	-13.291455	▁loosing
11066	-13.291478	▁babysitting
11067	-13.291483	▁clover
11068	-13.291485	▁Pull
11069	-13.291519	▁viral
11070	-13.291522	▁taunt
11071	-13.291587	▁Dylan
11072	-13.291666	▁beetle
11073	-13.291669	AFC
11074	-13.292161	▁Terra
11075	-13.292219	▁limp
11076	-13.295115	▁Audi
11077	-13.295463	▁Chante
11078	-13.297838	▁ingredient
11079	-13.298194	▁gil
11080	-13.299802	▁Chanel
11081	-13.315207	minute
11082	-13.316924	▁improv
11083	-13.317158	▁refresh
11084	-13.319021	music
11085	-13.319160	sensitivity
11086	-13.319160	▁Apologies
11087	-13.319160	▁Appreciate
11088	-13.319160	▁Calibraska
11089	-13.319160	▁Depression
11090	-13.319160	▁Elizabeth
11091	-13.319160	▁Fashion
11092	-13.319160	▁Fleetwood
11093	-13.319160	▁Government
11094	-13.319160	▁Mcdonald
11095	-13.319160	▁Midwest
11096	-13.319160	▁NHL
11097	-13.319160	▁PLEASE
11098	-13.319160	▁Patience
11099	-13.319160	▁Porsche
11100	-13.319160	▁Singapore
11101	-13.319160	▁Spirit
11102	-13.319160	▁Stadium
11103	-13.319160	▁appalachian
11104	-13.319160	▁association
11105	-13.319160	▁availability
11106	-13.319160	▁capabilities
11107	-13.319160	▁categories
11108	-13.319160	▁comprehension
11109	-13.319160	▁conscience
11110	-13.319160	▁consumption
11111	-13.319160	▁contempt
11112	-13.319160	▁deployed
11113	-13.319160	▁dilemma
11114	-13.319160	▁genocide
11115	-13.319160	▁incomplete
11116	-13.319160	▁liberty
11117	-13.319160	▁majesty
11118	-13.319160	▁mascara
11119	-13.319160	▁medieval
11120	-13.319160	▁necessity
11121	-13.319160	▁painkiller
11122	-13.319160	▁permalink
11123	-13.319160	▁philosopher
11124	-13.319160	▁pianist
11125	-13.319160	▁prosecutor
11126	-13.319160	▁saxophone
11127	-13.319160	▁vinyl
11128	-13.319160	▁violation
11129	-13.319160	▁Caesar
11130	-13.319160	▁Derrick
11131	-13.319160	▁deflect
11132	-13.319160	▁stalker
11133	-13.319160	▁unstable
11134	-13.319161	▁bleak
11135	-13.319162	▁Thurs
11136	-13.319167	▁Norris
11137	-13.319171	WUBWUBWUBWUBWUB
11138	-13.319171	▁saddest
11139	-13.319174	▁shuffle
11140	-13.319175	▁RemindMe
11141	-13.319186	▁cigar
11142	-13.319189	▁GAME
11143	-13.319192	▁humming
11144	-13.319193	▁pediatrician
11145	-13.319194	▁magnet
11146	-13.319201	▁gazing
11147	-13.319235	▁goldfish
11148	-13.319245	▁robert
11149	-13.319264	▁Iraq
11150	-13.319294	▁Kiss
11151	-13.319294	▁liability
11152	-13.319353	▁oooh
11153	-13.319364	▁slash
11154	-13.319450	▁saddle
11155	-13.319764	▁Praise
11156	-13.319815	▁Horse
11157	-13.319910	▁mingle
11158	-13.322212	▁verify
11159	-13.334235	▁Jael
11160	-13.337617	▁historic
11161	-13.343737	After
11162	-13.343815	Sorry
11163	-13.344257	▁outrage
11164	-13.344461	▁Jewel
11165	-13.345727	▁graph
11166	-13.346638	▁accord
11167	-13.347731	▁Arnold
11168	-13.347731	▁Atlantic
11169	-13.347731	▁Backpage
11170	-13.347731	▁Between
11171	-13.347731	▁Colosseum
11172	-13.347731	▁Explain
11173	-13.347731	▁Gatsby
11174	-13.347731	▁Hobbies
11175	-13.347731	▁Khloe
11176	-13.347731	▁Manchester
11177	-13.347731	▁Museum
11178	-13.347731	▁Samantha
11179	-13.347731	▁Shopping
11180	-13.347731	▁accustomed
11181	-13.347731	▁acoustic
11182	-13.347731	▁assassin
11183	-13.347731	▁carnival
11184	-13.347731	▁carnivore
11185	-13.347731	▁cooperation
11186	-13.347731	▁endorphin
11187	-13.347731	▁energised
11188	-13.347731	▁expelled
11189	-13.347731	▁gourmet
11190	-13.347731	▁granddaughter
11191	-13.347731	▁hormonal
11192	-13.347731	▁inconvenient
11193	-13.347731	▁jeopardize
11194	-13.347731	▁majestic
11195	-13.347731	▁oblivious
11196	-13.347731	▁phenomenon
11197	-13.347731	▁presidency
11198	-13.347731	▁prosecution
11199	-13.347731	▁screwdriver
11200	-13.347731	▁surviving
11201	-13.347731	▁tropical
11202	-13.347732	▁Rooney
11203	-13.347732	▁flailing
11204	-13.347732	▁flawed
11205	-13.347732	▁remedy
11206	-13.347732	▁rhetoric
11207	-13.347732	▁robbing
11208	-13.347732	▁skittles
11209	-13.347733	▁pharma
11210	-13.347733	▁scotch
11211	-13.347733	▁courtesy
11212	-13.347734	▁provoke
11213	-13.347737	▁amenities
11214	-13.347737	▁erupt
11215	-13.347737	▁hazel
11216	-13.347745	▁Strong
11217	-13.347767	▁redeem
11218	-13.347773	▁Enough
11219	-13.347786	▁Terrible
11220	-13.347792	▁jamming
11221	-13.347796	▁Space
11222	-13.347803	▁elvis
11223	-13.347805	▁citizenship
11224	-13.347808	▁Violet
11225	-13.347881	▁maniac
11226	-13.347975	▁waaay
11227	-13.348962	▁kidnap
11228	-13.349467	▁Holly
11229	-13.350291	▁Cambri
11230	-13.351081	▁Auria
11231	-13.351613	▁Kamil
11232	-13.352278	▁Holli
11233	-13.355762	▁colleague
11234	-13.355839	▁consequence
11235	-13.364642	▁Villa
11236	-13.367756	▁Annabel
11237	-13.373144	Black
11238	-13.373176	should
11239	-13.373199	stream
11240	-13.375851	▁devote
11241	-13.376645	▁tremendous
11242	-13.376653	▁literal
11243	-13.376724	▁russia
11244	-13.377098	▁triumph
11245	-13.377142	▁Bernard
11246	-13.377142	▁Magdalen
11247	-13.377142	▁Shepherd
11248	-13.377143	MTVStars
11249	-13.377143	▁Channel
11250	-13.377143	▁Hockey
11251	-13.377143	▁Hurricane
11252	-13.377143	▁Jennifer
11253	-13.377143	▁Major
11254	-13.377143	▁Meditation
11255	-13.377143	▁MetLife
11256	-13.377143	▁Redemption
11257	-13.377143	▁STILL
11258	-13.377143	▁TOMORROW
11259	-13.377143	▁WANT
11260	-13.377143	▁Woman
11261	-13.377143	▁collaborate
11262	-13.377143	▁consistency
11263	-13.377143	▁daisies
11264	-13.377143	▁dominant
11265	-13.377143	▁eligible
11266	-13.377143	▁exposing
11267	-13.377143	▁infectious
11268	-13.377143	▁javascript
11269	-13.377143	▁jessica
11270	-13.377143	▁metabolism
11271	-13.377143	▁nuggets
11272	-13.377143	▁prettiest
11273	-13.377143	▁receptive
11274	-13.377143	▁ribbon
11275	-13.377143	▁sequence
11276	-13.377143	▁sprinkle
11277	-13.377143	▁succumb
11278	-13.377143	▁unsteady
11279	-13.377143	▁windshield
11280	-13.377144	▁Nurse
11281	-13.377144	▁Swiss
11282	-13.377144	▁blister
11283	-13.377144	▁gymnast
11284	-13.377144	▁nodded
11285	-13.377144	▁vendor
11286	-13.377145	▁chopped
11287	-13.377145	▁summary
11288	-13.377150	▁aftermath
11289	-13.377151	▁squash
11290	-13.377152	▁scumbag
11291	-13.377153	▁Cliff
11292	-13.377154	▁remix
11293	-13.377161	▁Kimberli
11294	-13.377164	▁Comment
11295	-13.377167	▁Emmy
11296	-13.377170	▁emoji
11297	-13.377171	▁onstage
11298	-13.377172	▁tailgate
11299	-13.377173	▁entity
11300	-13.377173	▁palace
11301	-13.377178	▁looming
11302	-13.377200	▁harbor
11303	-13.377211	▁Philip
11304	-13.377227	▁Room
11305	-13.377330	▁Brave
11306	-13.377393	▁admin
11307	-13.377394	▁Albert
11308	-13.377410	▁Blade
11309	-13.377469	▁quota
11310	-13.377522	▁Lauren
11311	-13.377525	▁contend
11312	-13.377757	▁Media
11313	-13.378607	▁Kamari
11314	-13.386088	▁throne
11315	-13.386133	▁grandparent
11316	-13.389768	▁overreact
11317	-13.403375	screen
11318	-13.403447	profit
11319	-13.403466	esteem
11320	-13.406951	▁immense
11321	-13.407446	▁Anniversary
11322	-13.407446	▁IHOP
11323	-13.407446	▁NEVER
11324	-13.407446	▁Question
11325	-13.407446	▁Snickers
11326	-13.407446	▁Stanford
11327	-13.407446	▁Vietnam
11328	-13.407446	▁admiration
11329	-13.407446	▁attentive
11330	-13.407446	▁buddhist
11331	-13.407446	▁carpentry
11332	-13.407446	▁cavity
11333	-13.407446	▁cheddar
11334	-13.407446	▁collaboration
11335	-13.407446	▁composer
11336	-13.407446	▁critique
11337	-13.407446	▁curriculum
11338	-13.407446	▁cursive
11339	-13.407446	▁denominator
11340	-13.407446	▁disbelief
11341	-13.407446	▁dripping
11342	-13.407446	▁evacuate
11343	-13.407446	▁evicted
11344	-13.407446	▁exploration
11345	-13.407446	▁fairytale
11346	-13.407446	▁fragrance
11347	-13.407446	▁frequency
11348	-13.407446	▁fundraising
11349	-13.407446	▁inclined
11350	-13.407446	▁klutz
11351	-13.407446	▁malicious
11352	-13.407446	▁masculine
11353	-13.407446	▁memorial
11354	-13.407446	▁milkshake
11355	-13.407446	▁packaging
11356	-13.407446	▁participation
11357	-13.407446	▁physician
11358	-13.407446	▁queasy
11359	-13.407446	▁reliving
11360	-13.407446	▁saliva
11361	-13.407446	▁sophomore
11362	-13.407446	▁stabbing
11363	-13.407446	▁supernatural
11364	-13.407446	▁technologies
11365	-13.407446	▁transcript
11366	-13.407446	▁unhappiness
11367	-13.407446	▁unironically
11368	-13.407447	▁descend
11369	-13.407447	▁dysfunction
11370	-13.407447	▁frugal
11371	-13.407447	▁hysterical
11372	-13.407447	▁mafia
11373	-13.407447	▁nevertheless
11374	-13.407448	TheOpen
11375	-13.407448	▁Freedom
11376	-13.407448	▁bishop
11377	-13.407449	▁Tennis
11378	-13.407450	▁inhabit
11379	-13.407450	▁muggers
11380	-13.407450	▁snatch
11381	-13.407450	▁storytelling
11382	-13.407450	▁whirl
11383	-13.407452	▁homophobic
11384	-13.407452	▁undone
11385	-13.407453	saurus
11386	-13.407454	▁overworked
11387	-13.407460	▁neighbourhood
11388	-13.407462	▁hinder
11389	-13.407462	▁slammed
11390	-13.407464	▁Troll
11391	-13.407466	▁remake
11392	-13.407470	▁carving
11393	-13.407473	▁Venice
11394	-13.407473	▁diversify
11395	-13.407474	▁ordeal
11396	-13.407475	▁venom
11397	-13.407479	▁Update
11398	-13.407480	▁geology
11399	-13.407500	▁documentaries
11400	-13.407511	▁Dominic
11401	-13.407542	▁Heavy
11402	-13.407549	▁handicap
11403	-13.407578	▁friggin
11404	-13.407611	▁endorse
11405	-13.407919	▁Zaya
11406	-13.408639	▁Megha
11407	-13.413737	▁Kristin
11408	-13.426790	▁clich
11409	-13.438063	▁gloom
11410	-13.438695	▁diminish
11411	-13.438695	▁yield
11412	-13.438696	▁Council
11413	-13.438696	▁Eleanor
11414	-13.438696	▁Future
11415	-13.438696	▁Happiness
11416	-13.438696	▁Hunger
11417	-13.438696	▁Independence
11418	-13.438696	▁Murphy
11419	-13.438696	▁Neighbor
11420	-13.438696	▁Parliament
11421	-13.438696	▁Rebecca
11422	-13.438696	▁Russell
11423	-13.438696	▁WHEN
11424	-13.438696	▁abdomen
11425	-13.438696	▁approximately
11426	-13.438696	▁billionaire
11427	-13.438696	▁bubblegum
11428	-13.438696	▁crucial
11429	-13.438696	▁deployment
11430	-13.438696	▁ecosystem
11431	-13.438696	▁facilities
11432	-13.438696	▁hallucination
11433	-13.438696	▁hygiene
11434	-13.438696	▁industrial
11435	-13.438696	▁industries
11436	-13.438696	▁intersection
11437	-13.438696	▁intrusive
11438	-13.438696	▁naruto
11439	-13.438696	▁obedient
11440	-13.438696	▁puerto
11441	-13.438696	▁referendum
11442	-13.438696	▁sandcastle
11443	-13.438696	▁scissors
11444	-13.438696	▁shucks
11445	-13.438696	▁supplier
11446	-13.438696	▁temporarily
11447	-13.438696	▁unsettling
11448	-13.438696	▁upbringing
11449	-13.438696	▁vulnerability
11450	-13.438697	▁brexit
11451	-13.438697	▁devotion
11452	-13.438697	▁homeschooling
11453	-13.438697	▁pitbull
11454	-13.438697	▁slapped
11455	-13.438699	▁Problem
11456	-13.438700	▁Chesney
11457	-13.438701	▁erotic
11458	-13.438705	▁robotics
11459	-13.438706	▁VIP
11460	-13.438706	▁transparent
11461	-13.438707	▁isolating
11462	-13.438707	▁thorns
11463	-13.438711	▁regulate
11464	-13.438716	▁BACK
11465	-13.438716	▁Chloe
11466	-13.438722	▁Martha
11467	-13.438723	▁Centre
11468	-13.438727	▁Euro
11469	-13.438824	▁pigeon
11470	-13.438924	▁Azari
11471	-13.438991	▁riddle
11472	-13.439037	▁Rhian
11473	-13.439137	▁boomer
11474	-13.439315	▁Ameer
11475	-13.439691	▁Henri
11476	-13.439845	▁snob
11477	-13.452611	▁replica
11478	-13.460779	▁Marcell
11479	-13.466956	politics
11480	-13.466957	product
11481	-13.469635	▁disadvantage
11482	-13.469641	▁reassure
11483	-13.470904	▁euro
11484	-13.470948	diagnose
11485	-13.470953	ocracy
11486	-13.470954	▁Delicious
11487	-13.470954	▁Pablo
11488	-13.470954	▁Phew
11489	-13.470954	▁Puerto
11490	-13.470954	▁Tanzania
11491	-13.470954	▁Vermont
11492	-13.470954	▁Vienna
11493	-13.470954	▁avocado
11494	-13.470954	▁cheetah
11495	-13.470954	▁cinnamon
11496	-13.470954	▁constellation
11497	-13.470954	▁cultivate
11498	-13.470954	▁derivative
11499	-13.470954	▁desirable
11500	-13.470954	▁dissertation
11501	-13.470954	▁eloquent
11502	-13.470954	▁emphasis
11503	-13.470954	▁epilepsy
11504	-13.470954	▁excluding
11505	-13.470954	▁fascism
11506	-13.470954	▁fertilize
11507	-13.470954	▁inaccurate
11508	-13.470954	▁kentucky
11509	-13.470954	▁libertarian
11510	-13.470954	▁libraries
11511	-13.470954	▁manipulation
11512	-13.470954	▁morbid
11513	-13.470954	▁opposing
11514	-13.470954	▁perseverance
11515	-13.470954	▁pharmacist
11516	-13.470954	▁psychiatrist
11517	-13.470954	▁quadratic
11518	-13.470954	▁simplify
11519	-13.470954	▁sinister
11520	-13.470954	▁tackling
11521	-13.470954	▁unnoticed
11522	-13.470954	▁verdict
11523	-13.470954	▁waffle
11524	-13.470955	▁GTA
11525	-13.470955	▁agencies
11526	-13.470955	▁brunch
11527	-13.470955	▁daisy
11528	-13.470955	▁fantasize
11529	-13.470955	▁fixture
11530	-13.470955	▁meltdown
11531	-13.470955	▁sworn
11532	-13.470955	▁uncover
11533	-13.470955	▁walmart
11534	-13.470956	▁Faith
11535	-13.470956	▁britney
11536	-13.470961	▁morph
11537	-13.470961	▁summit
11538	-13.470963	▁nerf
11539	-13.470965	▁restraint
11540	-13.470979	▁personnel
11541	-13.470994	▁Jokes
11542	-13.471034	▁Stevi
11543	-13.471104	▁Ramir
11544	-13.471200	▁purge
11545	-13.471380	▁katie
11546	-13.471468	Downvote
11547	-13.471477	▁Laqu
11548	-13.474730	▁aussi
11549	-13.482972	▁lyric
11550	-13.497291	rapped
11551	-13.499099	follow
11552	-13.499203	dimensional
11553	-13.500287	effect
11554	-13.500294	Happy
11555	-13.500316	believe
11556	-13.501129	wreck
11557	-13.502812	▁convict
11558	-13.502993	▁isolate
11559	-13.503368	▁suspend
11560	-13.503791	▁Clear
11561	-13.504144	▁Patric
11562	-13.504264	▁whisk
11563	-13.504284	▁sculpt
11564	-13.504287	anguagedirection
11565	-13.504287	▁Beijing
11566	-13.504287	▁Beyond
11567	-13.504287	▁Correct
11568	-13.504287	▁Jefferson
11569	-13.504287	▁Louvre
11570	-13.504287	▁Meanwhile
11571	-13.504287	▁Natural
11572	-13.504287	▁Specifically
11573	-13.504287	▁Understood
11574	-13.504287	▁accompany
11575	-13.504287	▁anticipating
11576	-13.504287	▁apathy
11577	-13.504287	▁compartment
11578	-13.504287	▁comprehensive
11579	-13.504287	▁discriminated
11580	-13.504287	▁dispatch
11581	-13.504287	▁fantasies
11582	-13.504287	▁feedlinks
11583	-13.504287	▁hydrogen
11584	-13.504287	▁indication
11585	-13.504287	▁innovation
11586	-13.504287	▁labrador
11587	-13.504287	▁masturbate
11588	-13.504287	▁maximum
11589	-13.504287	▁mcqueen
11590	-13.504287	▁nicotine
11591	-13.504287	▁philosophical
11592	-13.504287	▁prominent
11593	-13.504287	▁responsive
11594	-13.504287	▁sabotage
11595	-13.504287	▁significance
11596	-13.504287	▁sobriety
11597	-13.504287	▁souvenir
11598	-13.504287	▁stigma
11599	-13.504287	▁stimulating
11600	-13.504287	▁thriving
11601	-13.504287	▁understatement
11602	-13.504288	▁Concert
11603	-13.504288	▁SHIT
11604	-13.504288	▁Seahawks
11605	-13.504288	▁becuase
11606	-13.504288	▁emissions
11607	-13.504288	▁malaysia
11608	-13.504288	▁restraining
11609	-13.504288	▁sprout
11610	-13.504288	▁stripped
11611	-13.504289	▁Glory
11612	-13.504289	▁Third
11613	-13.504289	▁concur
11614	-13.504290	▁Network
11615	-13.504290	▁persevere
11616	-13.504291	▁Bruh
11617	-13.504291	▁Flower
11618	-13.504291	▁battling
11619	-13.504291	▁groan
11620	-13.504292	▁Kambri
11621	-13.504292	▁relentless
11622	-13.504292	▁hawk
11623	-13.504293	▁Fortnite
11624	-13.504294	▁etsy
11625	-13.504296	▁alpha
11626	-13.504297	▁guidelines
11627	-13.504297	▁sector
11628	-13.504297	▁swerve
11629	-13.504303	▁snag
11630	-13.504306	▁Zamari
11631	-13.504313	▁Marcus
11632	-13.504321	▁Spurs
11633	-13.504351	▁commie
11634	-13.504507	▁Gissel
11635	-13.505476	▁Kathy
11636	-13.530853	▁enthusiast
11637	-13.534718	reddit
11638	-13.538591	▁Republic
11639	-13.538770	▁Avengers
11640	-13.538770	▁Benjamin
11641	-13.538770	▁Chargers
11642	-13.538770	▁Computer
11643	-13.538770	▁Despite
11644	-13.538770	▁Disgusting
11645	-13.538770	▁Florence
11646	-13.538770	▁Governor
11647	-13.538770	▁HUGE
11648	-13.538770	▁Hendrix
11649	-13.538770	▁Holiday
11650	-13.538770	▁Kitchen
11651	-13.538770	▁Newcastle
11652	-13.538770	▁Plenty
11653	-13.538770	▁Removed
11654	-13.538770	▁Sanchez
11655	-13.538770	▁Service
11656	-13.538770	▁Shawshank
11657	-13.538770	▁activism
11658	-13.538770	▁analyzing
11659	-13.538770	▁arabic
11660	-13.538770	▁compulsion
11661	-13.538770	▁consecutive
11662	-13.538770	▁dioxide
11663	-13.538770	▁embarassed
11664	-13.538770	▁encoding
11665	-13.538770	▁espresso
11666	-13.538770	▁gucci
11667	-13.538770	▁illustration
11668	-13.538770	▁inconsistent
11669	-13.538770	▁irritation
11670	-13.538770	▁livejournal
11671	-13.538770	▁miscarriage
11672	-13.538770	▁nuisance
11673	-13.538770	▁nurturing
11674	-13.538770	▁organisation
11675	-13.538770	▁penalties
11676	-13.538770	▁penguin
11677	-13.538770	▁porsche
11678	-13.538770	▁prequel
11679	-13.538770	▁procrastinate
11680	-13.538770	▁rejoice
11681	-13.538770	▁reproduce
11682	-13.538770	▁rescuing
11683	-13.538770	▁reunited
11684	-13.538770	▁scheduling
11685	-13.538770	▁segment
11686	-13.538770	▁severity
11687	-13.538770	▁template
11688	-13.538770	▁tendencies
11689	-13.538770	▁uncontrollably
11690	-13.538770	▁unlimited
11691	-13.538770	▁vinegar
11692	-13.538770	▁weightlifting
11693	-13.538770	▁yikes
11694	-13.538770	▁zumba
11695	-13.538771	▁Director
11696	-13.538771	▁Garret
11697	-13.538771	▁Peyton
11698	-13.538771	▁Silver
11699	-13.538771	▁Tzipora
11700	-13.538771	▁animated
11701	-13.538771	▁cardigan
11702	-13.538771	▁corpse
11703	-13.538771	▁knob
11704	-13.538771	▁rpg
11705	-13.538772	▁Ferris
11706	-13.538772	▁catalog
11707	-13.538772	▁decisive
11708	-13.538773	boggling
11709	-13.538773	▁Protect
11710	-13.538773	▁Simple
11711	-13.538773	▁hindu
11712	-13.538773	▁oblige
11713	-13.538774	▁hummus
11714	-13.538780	▁Breath
11715	-13.538784	▁cuck
11716	-13.538784	▁measurements
11717	-13.538789	▁Norman
11718	-13.538789	▁Sushi
11719	-13.538811	▁alleged
11720	-13.538877	▁alfred
11721	-13.538879	▁Davon
11722	-13.539062	▁Careful
11723	-13.553129	▁calorie
11724	-13.563119	▁authoritarian
11725	-13.570476	www
11726	-13.570483	grandfather
11727	-13.570516	Fuck
11728	-13.570531	meaning
11729	-13.572424	▁Valentin
11730	-13.572480	▁overwhelm
11731	-13.574154	rophy
11732	-13.574484	▁Blanchett
11733	-13.574484	▁Customer
11734	-13.574484	▁Dublin
11735	-13.574484	▁Lawrence
11736	-13.574484	▁Suppose
11737	-13.574484	▁Vampire
11738	-13.574484	▁Venezuela
11739	-13.574484	▁Zealand
11740	-13.574484	▁Zeppelin
11741	-13.574484	▁alleviate
11742	-13.574484	▁announcing
11743	-13.574484	▁applicants
11744	-13.574484	▁astronomy
11745	-13.574484	▁bittersweet
11746	-13.574484	▁cannibal
11747	-13.574484	▁cheerleading
11748	-13.574484	▁constituents
11749	-13.574484	▁conversion
11750	-13.574484	▁declutter
11751	-13.574484	▁definately
11752	-13.574484	▁disheartening
11753	-13.574484	▁displaced
11754	-13.574484	▁dominance
11755	-13.574484	▁explicit
11756	-13.574484	▁galaxy
11757	-13.574484	▁illustrate
11758	-13.574484	▁imprison
11759	-13.574484	▁infertility
11760	-13.574484	▁invincible
11761	-13.574484	▁mathematics
11762	-13.574484	▁mercedes
11763	-13.574484	▁obesity
11764	-13.574484	▁oppressive
11765	-13.574484	▁outburst
11766	-13.574484	▁parakeet
11767	-13.574484	▁perpetrator
11768	-13.574484	▁pneumonia
11769	-13.574484	▁precision
11770	-13.574484	▁quantity
11771	-13.574484	▁raincoat
11772	-13.574484	▁rehearse
11773	-13.574484	▁remedies
11774	-13.574484	▁renovation
11775	-13.574484	▁serenity
11776	-13.574484	▁stagnant
11777	-13.574484	▁strenuous
11778	-13.574484	▁sturdy
11779	-13.574484	▁transmission
11780	-13.574484	▁triathlon
11781	-13.574484	▁tuxedo
11782	-13.574484	▁vaccination
11783	-13.574485	▁Female
11784	-13.574485	▁Samuel
11785	-13.574485	▁distinguish
11786	-13.574485	▁drought
11787	-13.574485	▁hurdle
11788	-13.574485	▁juicing
11789	-13.574485	▁linebacker
11790	-13.574485	▁murmur
11791	-13.574485	▁stabilize
11792	-13.574485	▁tobacco
11793	-13.574485	▁traumatizing
11794	-13.574485	▁troubleshoot
11795	-13.574486	▁Daisy
11796	-13.574486	▁googling
11797	-13.574486	▁granny
11798	-13.574486	▁mammal
11799	-13.574486	▁ninja
11800	-13.574486	▁overlooked
11801	-13.574487	▁HIS
11802	-13.574487	▁deleting
11803	-13.574488	▁invasion
11804	-13.574488	▁tipped
11805	-13.574490	▁Jasmin
11806	-13.574490	▁collage
11807	-13.574490	▁insulin
11808	-13.574492	▁Norway
11809	-13.574493	▁Tweet
11810	-13.574495	▁Field
11811	-13.574500	▁abusing
11812	-13.574501	▁module
11813	-13.574506	▁Katherin
11814	-13.574508	▁nourish
11815	-13.574508	▁sleek
11816	-13.574611	▁BIG
11817	-13.574799	▁Cheyann
11818	-13.574943	▁Kenadi
11819	-13.574967	▁Kiyan
11820	-13.575190	▁Adilyn
11821	-13.575235	▁Shiann
11822	-13.575281	▁Cayde
11823	-13.575292	Record
11824	-13.576801	▁Jerri
11825	-13.578465	Blaze
11826	-13.590116	▁hormone
11827	-13.592019	ASH
11828	-13.607363	▁employ
11829	-13.607516	publish
11830	-13.607520	developed
11831	-13.607525	service
11832	-13.607528	Friday
11833	-13.611499	▁commend
11834	-13.611518	▁advent
11835	-13.611520	▁HAHAHA
11836	-13.611521	▁Abraham
11837	-13.611521	▁Broadway
11838	-13.611521	▁Communication
11839	-13.611521	▁Denmark
11840	-13.611521	▁FTFY
11841	-13.611521	▁HIV
11842	-13.611521	▁INTJ
11843	-13.611521	▁LMFAO
11844	-13.611521	▁Lmfao
11845	-13.611521	▁MVP
11846	-13.611521	▁Montreal
11847	-13.611521	▁OPEN
11848	-13.611521	▁Palace
11849	-13.611521	▁Purple
11850	-13.611521	▁Spotify
11851	-13.611521	▁Suddenly
11852	-13.611521	▁Support
11853	-13.611521	▁Switch
11854	-13.611521	▁Tolkien
11855	-13.611521	▁collapsing
11856	-13.611521	▁congratulate
11857	-13.611521	▁cottage
11858	-13.611521	▁emergencies
11859	-13.611521	▁energies
11860	-13.611521	▁excellence
11861	-13.611521	▁faucet
11862	-13.611521	▁figurine
11863	-13.611521	▁grammatical
11864	-13.611521	▁houston
11865	-13.611521	▁hypocritical
11866	-13.611521	▁hypothetical
11867	-13.611521	▁indicator
11868	-13.611521	▁invigorating
11869	-13.611521	▁mediocrity
11870	-13.611521	▁overpriced
11871	-13.611521	▁pedophile
11872	-13.611521	▁phenomena
11873	-13.611521	▁prettier
11874	-13.611521	▁prevail
11875	-13.611521	▁prognosis
11876	-13.611521	▁schizophrenia
11877	-13.611521	▁steadily
11878	-13.611521	▁sympathize
11879	-13.611521	▁tulips
11880	-13.611521	▁uneventful
11881	-13.611521	▁unfeeling
11882	-13.611521	▁unheard
11883	-13.611521	▁woodworking
11884	-13.611522	Brewers
11885	-13.611522	▁Avril
11886	-13.611522	▁Clement
11887	-13.611522	▁Felicia
11888	-13.611522	▁Marquis
11889	-13.611522	▁Pearl
11890	-13.611522	▁Trayvon
11891	-13.611522	▁abduct
11892	-13.611522	▁certified
11893	-13.611522	▁homeschooled
11894	-13.611522	▁manicure
11895	-13.611522	▁pendant
11896	-13.611522	▁reassess
11897	-13.611522	▁widget
11898	-13.611522	▁yogurt
11899	-13.611523	▁Snake
11900	-13.611523	▁crayon
11901	-13.611523	▁escort
11902	-13.611523	▁implant
11903	-13.611523	▁occurrence
11904	-13.611523	▁pimple
11905	-13.611523	▁raptors
11906	-13.611523	▁seatbelt
11907	-13.611523	▁trimming
11908	-13.611524	▁insanity
11909	-13.611524	▁workforce
11910	-13.611525	▁gimme
11911	-13.611525	▁untrue
11912	-13.611526	▁floyd
11913	-13.611526	▁Therapy
11914	-13.611526	▁homeowner
11915	-13.611527	▁vessel
11916	-13.611528	▁ensuring
11917	-13.611529	▁Multi
11918	-13.611529	▁rachel
11919	-13.611530	▁fidget
11920	-13.611540	▁Typical
11921	-13.611544	▁Speed
11922	-13.611562	▁swipe
11923	-13.611575	▁migrate
11924	-13.611612	▁vertical
11925	-13.611634	▁Merci
11926	-13.611724	▁Theodor
11927	-13.612096	▁Kloe
11928	-13.618967	structur
11929	-13.619947	▁misunderstand
11930	-13.645986	fashion
11931	-13.648267	▁aspirin
11932	-13.648665	▁locate
11933	-13.649981	▁Daphne
11934	-13.649982	BlueJays
11935	-13.649982	inclusive
11936	-13.649982	▁Baseball
11937	-13.649982	▁Broncos
11938	-13.649982	▁Chronicles
11939	-13.649982	▁Fortunately
11940	-13.649982	▁Indonesia
11941	-13.649982	▁Mercedes
11942	-13.649982	▁Minister
11943	-13.649982	▁Mississippi
11944	-13.649982	▁Nervous
11945	-13.649982	▁Normally
11946	-13.649982	▁Physical
11947	-13.649982	▁Switzerland
11948	-13.649982	▁anxieties
11949	-13.649982	▁arthritis
11950	-13.649982	▁bandwagon
11951	-13.649982	▁calculation
11952	-13.649982	▁cappuccino
11953	-13.649982	▁charitable
11954	-13.649982	▁clarinet
11955	-13.649982	▁colorblind
11956	-13.649982	▁commotion
11957	-13.649982	▁completion
11958	-13.649982	▁congestion
11959	-13.649982	▁conscientious
11960	-13.649982	▁correspond
11961	-13.649982	▁croissant
11962	-13.649982	▁crooked
11963	-13.649982	▁demonstration
11964	-13.649982	▁earliest
11965	-13.649982	▁educator
11966	-13.649982	▁enabling
11967	-13.649982	▁epitome
11968	-13.649982	▁frenzy
11969	-13.649982	▁georgia
11970	-13.649982	▁giggling
11971	-13.649982	▁glucose
11972	-13.649982	▁handicapped
11973	-13.649982	▁hippopotamus
11974	-13.649982	▁humility
11975	-13.649982	▁hybrid
11976	-13.649982	▁impartial
11977	-13.649982	▁infuriating
11978	-13.649982	▁investigator
11979	-13.649982	▁jacob
11980	-13.649982	▁lavender
11981	-13.649982	▁maturity
11982	-13.649982	▁memorizing
11983	-13.649982	▁merchandise
11984	-13.649982	▁mischievous
11985	-13.649982	▁misogyny
11986	-13.649982	▁nevada
11987	-13.649982	▁oasis
11988	-13.649982	▁parliament
11989	-13.649982	▁recipient
11990	-13.649982	▁recital
11991	-13.649982	▁removal
11992	-13.649982	▁responsibly
11993	-13.649982	▁safari
11994	-13.649982	▁sanctuary
11995	-13.649982	▁seashells
11996	-13.649982	▁seldom
11997	-13.649982	▁separation
11998	-14.442072	“
11999	-14.632977	–
